pH,HCO3,source
9.2,19.67391987,van Geest (Netherlands)
9.2,21.98838965,van Geest (Netherlands)
8.4,17.10663161,van Geest (Netherlands)
8.18,7.974751455,van Geest (Netherlands)
3.3,1.127316827,van Geest (Netherlands)
6.7,20.15844974,van Geest (Netherlands)
7.03,7.486035076,van Geest (Netherlands)
6.4,24.09098347,van Geest (Netherlands)
7.7,4.813985972,van Geest (Netherlands)
8,112.8862821,van Geest (Netherlands)
4.3,182.8685414,van Geest (Netherlands)
7.7,211.8631672,van Geest (Netherlands)
7.8,202.1388551,van Geest (Netherlands)
9.9,20.56952427,van Geest (Netherlands)
8.06,185.8069022,van Geest (Netherlands)
8.6,157.1498193,van Geest (Netherlands)
7.76,238.9694322,van Geest (Netherlands)
7.6,170.62352,van Geest (Netherlands)
8.5,156.548423,van Geest (Netherlands)
7.4,210.8537728,van Geest (Netherlands)
7.9,108.3682372,van Geest (Netherlands)
8.6,128.937551,van Geest (Netherlands)
7.25,29.22212444,van Geest (Netherlands)
7.4,155.6669113,van Geest (Netherlands)
7.35,168.288584,van Geest (Netherlands)
7.58,150.9053324,van Geest (Netherlands)
8.1,163.8021472,van Geest (Netherlands)
8.9,164.8417659,van Geest (Netherlands)
8.6,95.34438043,van Geest (Netherlands)
8.2,149.2864421,van Geest (Netherlands)
8.3,247.8819191,van Geest (Netherlands)
8,223.312516,van Geest (Netherlands)
8.6,191.911921,van Geest (Netherlands)
7.7,171.906055,van Geest (Netherlands)
8.6,252.7990226,van Geest (Netherlands)
8.5,93.88542953,van Geest (Netherlands)
8.2,62.73017848,van Geest (Netherlands)
8.5,206.1180741,van Geest (Netherlands)
8.6,71.80441173,van Geest (Netherlands)
9.04,108.0579819,van Geest (Netherlands)
9.26,73.16269669,van Geest (Netherlands)
8.8,157.6229971,van Geest (Netherlands)
9.4,54.86613071,van Geest (Netherlands)
8.2,154.7983462,van Geest (Netherlands)
8.6,131.6121892,van Geest (Netherlands)
8,333.4014929,van Geest (Netherlands)
8.3,90.01007901,van Geest (Netherlands)
8.3,160.8615987,van Geest (Netherlands)
9.2,84.3806708,van Geest (Netherlands)
8.9,113.7310657,van Geest (Netherlands)
7.5,66.14840408,van Geest (Netherlands)
7.8,162.4141254,van Geest (Netherlands)
7.8,157.6096547,van Geest (Netherlands)
7.9,157.9131003,van Geest (Netherlands)
8,293.8189623,van Geest (Netherlands)
8.2,247.0681634,van Geest (Netherlands)
8,257.4076747,van Geest (Netherlands)
7.9,150.9929594,van Geest (Netherlands)
7.7,215.8335211,van Geest (Netherlands)
8.4,200.3244483,van Geest (Netherlands)
9,159.0386354,van Geest (Netherlands)
7.3,22.04715566,van Geest (Netherlands)
7.4,91.38370422,van Geest (Netherlands)
6,0.299763251,van Geest (Netherlands)
5.6,0.685096712,van Geest (Netherlands)
7,5.248186266,van Geest (Netherlands)
7.5,86.4070344,van Geest (Netherlands)
6.3,0.54460499,van Geest (Netherlands)
6.8,5.69686657,van Geest (Netherlands)
5.7,0.037173271,van Geest (Netherlands)
5.9,0.037126179,van Geest (Netherlands)
5.2,0.020611616,van Geest (Netherlands)
6.8,29.23296753,van Geest (Netherlands)
8.75,68.49570067,van Geest (Netherlands)
7.45,83.62822747,van Geest (Netherlands)
7.23,36.35484598,van Geest (Netherlands)
8.84,33.52283405,van Geest (Netherlands)
7.81,27.90981643,van Geest (Netherlands)
7.01,14.40323222,van Geest (Netherlands)
10.18,31.88330817,van Geest (Netherlands)
8.89,33.25615539,van Geest (Netherlands)
8.28,32.84180576,van Geest (Netherlands)
8.06,2.620819805,van Geest (Netherlands)
7.7,215.5405782,van Geest (Netherlands)
7.21,81.1559591,van Geest (Netherlands)
7.4,104.409943,van Geest (Netherlands)
8.36,5.788121873,van Geest (Netherlands)
8.1,190.7919919,van Geest (Netherlands)
7.86,241.2455036,van Geest (Netherlands)
7.65,194.8585311,van Geest (Netherlands)
7.91,193.755429,van Geest (Netherlands)
8.04,163.275908,van Geest (Netherlands)
6.33,0.110020689,van Geest (Netherlands)
5.95,0.132774979,van Geest (Netherlands)
5.87,0.206163063,van Geest (Netherlands)
8.93,200.9532391,van Geest (Netherlands)
8,79.33909634,van Geest (Netherlands)
8.52,0.755696065,van Geest (Netherlands)
8.52,0.35967447,van Geest (Netherlands)
8.34,3.600983415,van Geest (Netherlands)
8.55,5.373368891,van Geest (Netherlands)
8.38,0.011223053,van Geest (Netherlands)
8.97,101.5478213,van Geest (Netherlands)
8.64,7.809181055,van Geest (Netherlands)
7.5,5.357138613,van Geest (Netherlands)
9.2,498.5804652,van Geest (Netherlands)
8.21,57.64158005,van Geest (Netherlands)
7.4,127.4313051,van Geest (Netherlands)
7.74,255.8597863,van Geest (Netherlands)
7.4,39.56421818,van Geest (Netherlands)
8.03,81.38555732,van Geest (Netherlands)
9.49,49.81681267,van Geest (Netherlands)
9.27,0.157320435,van Geest (Netherlands)
8.04,254.4318264,van Geest (Netherlands)
7.93,398.8290343,van Geest (Netherlands)
8.13,29.35633668,van Geest (Netherlands)
7.65,51.15936061,van Geest (Netherlands)
7.12,11.4067529,van Geest (Netherlands)
7.32,12.30066247,van Geest (Netherlands)
7.67,51.78268136,van Geest (Netherlands)
8.31,101.7522476,van Geest (Netherlands)
7.97,73.27833011,van Geest (Netherlands)
6.46,0.488489194,van Geest (Netherlands)
6.11,0.550959967,van Geest (Netherlands)
5.9,0.095242595,van Geest (Netherlands)
6.95,0.262112093,van Geest (Netherlands)
7.43,0.530405439,van Geest (Netherlands)
7.63,3.462688996,van Geest (Netherlands)
7.18,1.704961842,van Geest (Netherlands)
6.41,39.91332738,van Geest (Netherlands)
6.21,48.26902685,van Geest (Netherlands)
7.66,232.1524995,van Geest (Netherlands)
7.16,292.8167841,van Geest (Netherlands)
8.36,247.4647374,van Geest (Netherlands)
8.25,260.5444584,van Geest (Netherlands)
5.77,0.065488154,van Geest (Netherlands)
5.88,4.392696121,van Geest (Netherlands)
6,1.186841625,van Geest (Netherlands)
6.11,1.151358169,van Geest (Netherlands)
5,16.96407032,van Geest (Netherlands)
7.14,348.8297405,van Geest (Netherlands)
6.83,387.9620275,van Geest (Netherlands)
7.22,488.310784,van Geest (Netherlands)
7.2,464.0375493,van Geest (Netherlands)
7.35,425.92329,van Geest (Netherlands)
7.12,333.4790376,van Geest (Netherlands)
6.3,24.3627551,van Geest (Netherlands)
6.85,31.88865441,van Geest (Netherlands)
6.94,103.2961902,van Geest (Netherlands)
6.91,21.08251795,van Geest (Netherlands)
6.67,20.89585943,van Geest (Netherlands)
7.07,49.36472126,van Geest (Netherlands)
6.84,45.59095257,van Geest (Netherlands)
7.4,55.29031102,van Geest (Netherlands)
7.05,123.3634746,van Geest (Netherlands)
7.19,122.9537243,van Geest (Netherlands)
7.41,190.4826407,van Geest (Netherlands)
6.47,143.1983442,van Geest (Netherlands)
7.64,236.2857468,van Geest (Netherlands)
7.71,164.3953222,van Geest (Netherlands)
7.39,221.8599635,van Geest (Netherlands)
7.73,46.88603248,van Geest (Netherlands)
8.29,48.30733161,van Geest (Netherlands)
7.33,175.914255,van Geest (Netherlands)
7,121.8637669,van Geest (Netherlands)
6.36,88.57795152,van Geest (Netherlands)
5.67,36.63855949,van Geest (Netherlands)
4.8,0.098975532,van Geest (Netherlands)
5.21,0.49800316,van Geest (Netherlands)
5.15,0.067371163,van Geest (Netherlands)
5.22,0.158979046,van Geest (Netherlands)
7.75,24.48256277,van Geest (Netherlands)
6.51,111.1332161,van Geest (Netherlands)
7.77,158.8089033,van Geest (Netherlands)
8.8,25.41046832,van Geest (Netherlands)
6.81,64.85719086,van Geest (Netherlands)
7.82,95.19922702,van Geest (Netherlands)
6.59,63.8323471,van Geest (Netherlands)
9.23,51.20223042,van Geest (Netherlands)
5.75,1.850705624,van Geest (Netherlands)
7.29,174.0121405,van Geest (Netherlands)
5.58,5.87145675,van Geest (Netherlands)
6.01,6.476831123,van Geest (Netherlands)
7.18,99.2038215,van Geest (Netherlands)
6.53,39.40342687,van Geest (Netherlands)
6.75,110.4913898,van Geest (Netherlands)
7.6,132.2543283,van Geest (Netherlands)
7.06,136.0232342,van Geest (Netherlands)
7.45,136.6178111,van Geest (Netherlands)
7.56,109.3627248,van Geest (Netherlands)
7.41,129.6147932,van Geest (Netherlands)
7.24,144.1316558,van Geest (Netherlands)
6.42,87.77736028,van Geest (Netherlands)
7.47,120.9511434,van Geest (Netherlands)
7.44,87.10702606,van Geest (Netherlands)
7.39,87.04050941,van Geest (Netherlands)
6.46,97.63919232,van Geest (Netherlands)
7.05,81.51399403,van Geest (Netherlands)
6.83,70.88714225,van Geest (Netherlands)
6.86,97.56015204,van Geest (Netherlands)
6,0.814707792,van Geest (Netherlands)
7.36,2.668847008,van Geest (Netherlands)
6.42,2.180955998,van Geest (Netherlands)
6.36,1.051233679,van Geest (Netherlands)
7.32,1.50009199,van Geest (Netherlands)
6.57,1.851650172,van Geest (Netherlands)
7.37,24.75036838,van Geest (Netherlands)
7.04,1.434790024,van Geest (Netherlands)
6.65,1.251427718,van Geest (Netherlands)
6.38,1.49134018,van Geest (Netherlands)
7.4,186.2420289,van Geest (Netherlands)
6.67,1.367819216,van Geest (Netherlands)
7.6,84.83579432,van Geest (Netherlands)
6.95,11.76533077,van Geest (Netherlands)
8.91,251.3912384,van Geest (Netherlands)
7.75,646.0465908,van Geest (Netherlands)
8.32,64.44820839,van Geest (Netherlands)
7.88,69.4408386,van Geest (Netherlands)
7.6,49.46668265,van Geest (Netherlands)
8.55,43.82800752,van Geest (Netherlands)
7.58,106.637891,van Geest (Netherlands)
7.06,54.5652946,van Geest (Netherlands)
7.65,221.0320477,van Geest (Netherlands)
7.61,103.938899,van Geest (Netherlands)
7.12,95.31136798,van Geest (Netherlands)
7.71,167.6646905,van Geest (Netherlands)
7.49,168.5278028,van Geest (Netherlands)
7.52,170.4455741,van Geest (Netherlands)
8,211.6487714,van Geest (Netherlands)
7.49,165.3155495,van Geest (Netherlands)
7.75,195.4851559,van Geest (Netherlands)
7.52,195.5566241,van Geest (Netherlands)
7.38,161.6114163,van Geest (Netherlands)
7.62,278.294693,van Geest (Netherlands)
8.2,265.6732858,van Geest (Netherlands)
9.3,98.83783932,van Geest (Netherlands)
9.22,65.07113115,van Geest (Netherlands)
8,234.3185045,van Geest (Netherlands)
7.76,135.4139554,van Geest (Netherlands)
8.13,236.6445232,van Geest (Netherlands)
9.24,77.1128132,van Geest (Netherlands)
7.61,172.6319581,van Geest (Netherlands)
7.74,203.7209606,van Geest (Netherlands)
7.84,66.76879423,van Geest (Netherlands)
6.93,34.11788703,van Geest (Netherlands)
8.08,96.64307509,van Geest (Netherlands)
7.3,150.2317204,van Geest (Netherlands)
7.7,130.323936,van Geest (Netherlands)
7,250.0899038,van Geest (Netherlands)
7.21,278.704995,van Geest (Netherlands)
6.69,218.8024304,van Geest (Netherlands)
7.5,84.85566199,van Geest (Netherlands)
7.15,49.15052227,van Geest (Netherlands)
9.3,22.24363783,van Geest (Netherlands)
6.76,2.876214519,van Geest (Netherlands)
6.86,47.93087921,van Geest (Netherlands)
8.8,71.71500998,van Geest (Netherlands)
7.28,206.3486515,van Geest (Netherlands)
7.47,196.403606,van Geest (Netherlands)
7.6,188.5501638,van Geest (Netherlands)
7.24,181.4546853,van Geest (Netherlands)
7.37,190.0396252,van Geest (Netherlands)
7.32,127.6111462,van Geest (Netherlands)
9.61,148.7811935,van Geest (Netherlands)
7.96,144.2715252,van Geest (Netherlands)
6.68,112.8533679,van Geest (Netherlands)
8.55,175.9768544,van Geest (Netherlands)
8.85,79.28774811,van Geest (Netherlands)
7.21,176.8779344,van Geest (Netherlands)
7.41,120.0314066,van Geest (Netherlands)
6.88,178.2732778,van Geest (Netherlands)
6.83,68.92041589,van Geest (Netherlands)
7.09,77.02160426,van Geest (Netherlands)
6.98,28.28519931,van Geest (Netherlands)
6.49,85.09774667,van Geest (Netherlands)
6.95,131.7934586,van Geest (Netherlands)
6.27,121.1516968,van Geest (Netherlands)
7.67,153.0670097,van Geest (Netherlands)
7.13,17.63501849,van Geest (Netherlands)
6.79,190.5240555,van Geest (Netherlands)
7.7,236.5965485,van Geest (Netherlands)
7.31,117.2298151,van Geest (Netherlands)
8.17,148.4802858,van Geest (Netherlands)
8.22,26.13862065,van Geest (Netherlands)
8.22,27.88059287,van Geest (Netherlands)
7.8,13.50236464,van Geest (Netherlands)
7.8,12.62522203,van Geest (Netherlands)
6.45,106.7782579,van Geest (Netherlands)
8.95,153.4262014,van Geest (Netherlands)
9,114.8375041,van Geest (Netherlands)
8.64,174.4136773,van Geest (Netherlands)
8.14,217.3528493,van Geest (Netherlands)
7.63,137.1978217,van Geest (Netherlands)
7.31,136.4408478,van Geest (Netherlands)
7.85,213.868147,van Geest (Netherlands)
6.64,86.37246246,van Geest (Netherlands)
7.57,174.5692976,van Geest (Netherlands)
6.61,51.72324233,van Geest (Netherlands)
7.41,255.236692,van Geest (Netherlands)
5.64,3.687554021,van Geest (Netherlands)
6.48,3.945056896,van Geest (Netherlands)
8.6,79.01884038,van Geest (Netherlands)
7.73,0.936070284,van Geest (Netherlands)
6.69,0.636006198,van Geest (Netherlands)
6.97,2.016525194,van Geest (Netherlands)
5.72,8.829907612,van Geest (Netherlands)
9.07,74.91555306,van Geest (Netherlands)
8.47,8.028689726,van Geest (Netherlands)
7.68,212.4875089,van Geest (Netherlands)
8.5,214.4512688,van Geest (Netherlands)
8.49,223.0035508,van Geest (Netherlands)
9.12,118.263268,van Geest (Netherlands)
7.63,422.5770139,van Geest (Netherlands)
9.62,85.69719646,van Geest (Netherlands)
8.55,358.8217199,van Geest (Netherlands)
8.34,363.9062909,van Geest (Netherlands)
9.4,280.487082,van Geest (Netherlands)
8.73,319.6002911,van Geest (Netherlands)
8.38,452.201936,van Geest (Netherlands)
7.71,186.0378745,van Geest (Netherlands)
7.21,194.9561406,van Geest (Netherlands)
7.48,100.9479224,van Geest (Netherlands)
9.88,36.8194731,van Geest (Netherlands)
8.01,212.2158389,van Geest (Netherlands)
8.01,221.4570111,van Geest (Netherlands)
9.27,284.394069,van Geest (Netherlands)
6.63,296.4506226,van Geest (Netherlands)
7.17,243.9921777,van Geest (Netherlands)
7.71,149.3292256,van Geest (Netherlands)
5.68,14.56061382,van Geest (Netherlands)
5.75,74.26355502,van Geest (Netherlands)
6.7,9.703577603,van Geest (Netherlands)
8.33,25.81006102,van Geest (Netherlands)
5.65,0.194226184,van Geest (Netherlands)
6.01,0.34061618,van Geest (Netherlands)
6.76,2.813621277,van Geest (Netherlands)
7.3,26.26660248,van Geest (Netherlands)
7.4,10.99339905,van Geest (Netherlands)
4.95,0.156140832,van Geest (Netherlands)
6.56,16.05284245,van Geest (Netherlands)
6.4,27.29786144,van Geest (Netherlands)
6.94,16.1461125,van Geest (Netherlands)
5.3,0.437666359,van Geest (Netherlands)
9.32,102.915147,van Geest (Netherlands)
6.69,71.27451564,van Geest (Netherlands)
10.19,46.9627922,van Geest (Netherlands)
8.65,115.0513444,van Geest (Netherlands)
6.2,0.658197522,van Geest (Netherlands)
5.6,0.094485689,van Geest (Netherlands)
7.85,308.2767316,van Geest (Netherlands)
8.98,118.6184168,van Geest (Netherlands)
9.05,57.59022534,van Geest (Netherlands)
8.83,50.01425106,van Geest (Netherlands)
9.95,99.48967653,van Geest (Netherlands)
9.35,128.0195679,van Geest (Netherlands)
8.76,118.6690611,van Geest (Netherlands)
7.66,127.5938132,van Geest (Netherlands)
7.78,113.2831028,van Geest (Netherlands)
8.1,215.9376408,van Geest (Netherlands)
8.76,261.7540013,van Geest (Netherlands)
8.32,387.3814531,van Geest (Netherlands)
7.88,543.3900825,van Geest (Netherlands)
8.41,328.9927177,van Geest (Netherlands)
7.6,194.3089076,van Geest (Netherlands)
7.33,219.4404001,van Geest (Netherlands)
7.39,251.5619527,van Geest (Netherlands)
6.96,189.1720261,van Geest (Netherlands)
8.37,73.19241026,van Geest (Netherlands)
7.17,86.72453572,van Geest (Netherlands)
7.87,199.9634971,van Geest (Netherlands)
6.94,27.79403649,van Geest (Netherlands)
8.34,167.2424541,van Geest (Netherlands)
9.77,193.4380943,van Geest (Netherlands)
10.23,34.14128833,van Geest (Netherlands)
7.31,197.8385014,van Geest (Netherlands)
7.69,0.063085956,van Geest (Netherlands)
7.34,1.650446009,van Geest (Netherlands)
6.29,0.843767792,van Geest (Netherlands)
5.33,0.056127864,van Geest (Netherlands)
7.22,56.69921556,van Geest (Netherlands)
8.25,73.49647272,van Geest (Netherlands)
5.43,0.229066995,van Geest (Netherlands)
5.88,0.101880072,van Geest (Netherlands)
5.11,0.170925687,van Geest (Netherlands)
7.21,74.55437957,van Geest (Netherlands)
7.62,182.9453061,van Geest (Netherlands)
9.82,20.54962885,van Geest (Netherlands)
9.02,77.87147596,van Geest (Netherlands)
6.73,0.487759449,van Geest (Netherlands)
6.6,0.456134951,van Geest (Netherlands)
7.58,9.338621718,van Geest (Netherlands)
8.08,167.8644938,van Geest (Netherlands)
8.25,178.7858712,van Geest (Netherlands)
7.17,68.6589352,van Geest (Netherlands)
8.87,106.0766833,van Geest (Netherlands)
9.3,93.74829379,van Geest (Netherlands)
7.97,74.92564872,van Geest (Netherlands)
7.97,74.6702973,van Geest (Netherlands)
8.71,123.848365,van Geest (Netherlands)
9.24,86.92125594,van Geest (Netherlands)
7.38,91.32126914,van Geest (Netherlands)
7.22,126.6664468,van Geest (Netherlands)
8.04,125.0093688,van Geest (Netherlands)
7.45,102.8570381,van Geest (Netherlands)
7.72,118.5398563,van Geest (Netherlands)
8,159.8268241,van Geest (Netherlands)
7.29,135.6240031,van Geest (Netherlands)
7.77,112.7351045,van Geest (Netherlands)
8.66,155.6804516,van Geest (Netherlands)
9.23,277.3972854,van Geest (Netherlands)
8.21,475.2897198,van Geest (Netherlands)
7.63,160.7725804,van Geest (Netherlands)
7.25,38.06408457,van Geest (Netherlands)
7.05,39.70112733,van Geest (Netherlands)
8.18,147.297157,van Geest (Netherlands)
7.85,205.6224293,van Geest (Netherlands)
8.95,121.7806335,van Geest (Netherlands)
8.23,102.5582414,van Geest (Netherlands)
10.4,107.6734326,van Geest (Netherlands)
10.14,38.39315452,van Geest (Netherlands)
8.04,133.1948932,van Geest (Netherlands)
5.81,2.827008929,van Geest (Netherlands)
7.5,28.83132698,van Geest (Netherlands)
7.82,122.1169672,van Geest (Netherlands)
7.58,183.5501171,van Geest (Netherlands)
7.5,155.7222165,van Geest (Netherlands)
8.9,174.3042947,van Geest (Netherlands)
7.97,135.0644903,van Geest (Netherlands)
8.6,135.1941142,van Geest (Netherlands)
8.92,96.43132985,van Geest (Netherlands)
7.77,109.2113949,van Geest (Netherlands)
8.34,121.6548944,van Geest (Netherlands)
8.63,119.8957548,van Geest (Netherlands)
9,125.8086313,van Geest (Netherlands)
9,128.7757808,van Geest (Netherlands)
7.73,203.0988999,van Geest (Netherlands)
9.27,131.1721353,van Geest (Netherlands)
7.87,218.3630606,van Geest (Netherlands)
9.35,150.7957273,van Geest (Netherlands)
8.11,73.11536892,van Geest (Netherlands)
7.97,114.2972463,van Geest (Netherlands)
7.86,116.0753143,van Geest (Netherlands)
7.2,123.451183,van Geest (Netherlands)
9.4,74.00118456,van Geest (Netherlands)
8.99,89.16691369,van Geest (Netherlands)
9.08,259.9353116,van Geest (Netherlands)
9.85,111.8583157,van Geest (Netherlands)
9.46,53.55262719,van Geest (Netherlands)
7.07,24.59703062,van Geest (Netherlands)
5.15,0.025623184,van Geest (Netherlands)
8.2,136.884,van Geest (Netherlands)
8.14,143.106,van Geest (Netherlands)
8,148.413,van Geest (Netherlands)
8.6,142.008,van Geest (Netherlands)
7.7,155.428,van Geest (Netherlands)
7.46,125.2976141,van Geest (Netherlands)
7.74,129.1655196,van Geest (Netherlands)
8.58,127.2499585,van Geest (Netherlands)
8.73,125.9610353,van Geest (Netherlands)
7.9,120.6907127,van Geest (Netherlands)
7.8,119.5746004,van Geest (Netherlands)
8.2,117.353901,van Geest (Netherlands)
8.3,120.749817,van Geest (Netherlands)
7.03,179.035,van Geest (Netherlands)
6.98,148.291,van Geest (Netherlands)
7.36,151.646,van Geest (Netherlands)
9.5,37.027,van Geest (Netherlands)
8.73,145.973,van Geest (Netherlands)
8.41,162.87,van Geest (Netherlands)
7.37,226.493,van Geest (Netherlands)
8.15,159.21,van Geest (Netherlands)
7.5,111.386,van Geest (Netherlands)
6.11,0.793,van Geest (Netherlands)
5.37,0.061,van Geest (Netherlands)
7.82,92.72,van Geest (Netherlands)
5.6,3.843,van Geest (Netherlands)
6.8,0.183,van Geest (Netherlands)
7.1,134.688,van Geest (Netherlands)
6.57,0.793,van Geest (Netherlands)
7,50.508,van Geest (Netherlands)
7.66,113.033,van Geest (Netherlands)
7.35,324.215,van Geest (Netherlands)
7.47,173.789,van Geest (Netherlands)
8.74,67.039,van Geest (Netherlands)
9.97,68.32,van Geest (Netherlands)
7.38,391.437,van Geest (Netherlands)
7.52,289.079,van Geest (Netherlands)
7.08,89.182,van Geest (Netherlands)
7.37,239.791,van Geest (Netherlands)
7.59,121.695,van Geest (Netherlands)
7.52,157.99,van Geest (Netherlands)
6.9,152.134,van Geest (Netherlands)
7.37,149.084,van Geest (Netherlands)
7.5,164.578,van Geest (Netherlands)
7.2,132.797,van Geest (Netherlands)
7.77,133.285,van Geest (Netherlands)
7.07,128.1684124,van Geest (Netherlands)
5.86,3.191015847,van Geest (Netherlands)
5.82,3.026608503,van Geest (Netherlands)
7.3,174.2874604,van Geest (Netherlands)
6.83,37.87435898,van Geest (Netherlands)
6.6,39.57723837,van Geest (Netherlands)
9.38,67.23641627,van Geest (Netherlands)
9.44,67.63300317,van Geest (Netherlands)
7.5,78.36348285,van Geest (Netherlands)
9.3,86.22814527,van Geest (Netherlands)
7.27,170.5194403,van Geest (Netherlands)
7.32,150.5855038,van Geest (Netherlands)
7.25,238.6945851,van Geest (Netherlands)
9.92,202.22669,van Geest (Netherlands)
9.41,181.2230746,van Geest (Netherlands)
8.85,223.2094443,van Geest (Netherlands)
7.11,20.57971588,van Geest (Netherlands)
6.99,74.89811289,van Geest (Netherlands)
6.85,69.19169926,van Geest (Netherlands)
7.04,141.571371,van Geest (Netherlands)
6,0.645463753,van Geest (Netherlands)
6.6,41.15079489,van Geest (Netherlands)
7.04,48.26510173,van Geest (Netherlands)
7.08,28.23770489,van Geest (Netherlands)
7.2,290.0695852,van Geest (Netherlands)
7.5,278.1371122,van Geest (Netherlands)
7.33,130.3546953,van Geest (Netherlands)
7.5,29.37624067,van Geest (Netherlands)
7.83,109.0082387,van Geest (Netherlands)
7.68,119.4969198,van Geest (Netherlands)
8.88,100.0479642,van Geest (Netherlands)
7.985,75.884,Rivers Kinzig and Boye (Germany)
7.875,80.52,Rivers Kinzig and Boye (Germany)
7.73,66.612,Rivers Kinzig and Boye (Germany)
8.34,57.096,Rivers Kinzig and Boye (Germany)
7.975,57.096,Rivers Kinzig and Boye (Germany)
8.03,63.196,Rivers Kinzig and Boye (Germany)
7.85,71.248,Rivers Kinzig and Boye (Germany)
7.98,66.612,Rivers Kinzig and Boye (Germany)
7.935,77.592,Rivers Kinzig and Boye (Germany)
7.53,41.968,Rivers Kinzig and Boye (Germany)
7.79,43.92,Rivers Kinzig and Boye (Germany)
7.855,40.748,Rivers Kinzig and Boye (Germany)
7.845,75.152,Rivers Kinzig and Boye (Germany)
7.815,71.98,Rivers Kinzig and Boye (Germany)
7.7,70.272,Rivers Kinzig and Boye (Germany)
8.345,60.268,Rivers Kinzig and Boye (Germany)
8,61,Rivers Kinzig and Boye (Germany)
7.97,59.536,Rivers Kinzig and Boye (Germany)
7.895,66.124,Rivers Kinzig and Boye (Germany)
7.88,71.004,Rivers Kinzig and Boye (Germany)
7.95,74.908,Rivers Kinzig and Boye (Germany)
7.49,42.456,Rivers Kinzig and Boye (Germany)
7.76,47.336,Rivers Kinzig and Boye (Germany)
7.525,42.944,Rivers Kinzig and Boye (Germany)
8.13,111.996,Rivers Kinzig and Boye (Germany)
7.805,117.608,Rivers Kinzig and Boye (Germany)
7.693333333,128,Rivers Kinzig and Boye (Germany)
7.835,106.628,Rivers Kinzig and Boye (Germany)
8.005,93.452,Rivers Kinzig and Boye (Germany)
8.22,104.676,Rivers Kinzig and Boye (Germany)
8.05,104.676,Rivers Kinzig and Boye (Germany)
8.235,104.432,Rivers Kinzig and Boye (Germany)
8.185,101.504,Rivers Kinzig and Boye (Germany)
7.84,104.92,Rivers Kinzig and Boye (Germany)
7.825,102.724,Rivers Kinzig and Boye (Germany)
8.47,104.676,Rivers Kinzig and Boye (Germany)
8.34,195.444,Rivers Kinzig and Boye (Germany)
8.08,202.032,Rivers Kinzig and Boye (Germany)
8.116666667,246,Rivers Kinzig and Boye (Germany)
8.6,184.464,Rivers Kinzig and Boye (Germany)
8.705,171.044,Rivers Kinzig and Boye (Germany)
8.486666667,157.868,Rivers Kinzig and Boye (Germany)
8.31,202.764,Rivers Kinzig and Boye (Germany)
7.965,197.884,Rivers Kinzig and Boye (Germany)
8.105,199.836,Rivers Kinzig and Boye (Germany)
8.325,172.264,Rivers Kinzig and Boye (Germany)
8.41,201.3,Rivers Kinzig and Boye (Germany)
8,153.476,Rivers Kinzig and Boye (Germany)
8.31,133.224,Rivers Kinzig and Boye (Germany)
7.85,178.852,Rivers Kinzig and Boye (Germany)
7.985,131.028,Rivers Kinzig and Boye (Germany)
7.855,121.756,Rivers Kinzig and Boye (Germany)
8.065,147.132,Rivers Kinzig and Boye (Germany)
7.873333333,136.884,Rivers Kinzig and Boye (Germany)
7.83,130.784,Rivers Kinzig and Boye (Germany)
7.91,113.948,Rivers Kinzig and Boye (Germany)
7.88,149.328,Rivers Kinzig and Boye (Germany)
7.935,146.4,Rivers Kinzig and Boye (Germany)
8.09,136.396,Rivers Kinzig and Boye (Germany)
7.825,176.9,Rivers Kinzig and Boye (Germany)
7.915,172.264,Rivers Kinzig and Boye (Germany)
8.066666667,233.508,Rivers Kinzig and Boye (Germany)
8.025,181.78,Rivers Kinzig and Boye (Germany)
8.06,175.924,Rivers Kinzig and Boye (Germany)
8.305,139.324,Rivers Kinzig and Boye (Germany)
7.93,132.492,Rivers Kinzig and Boye (Germany)
7.895,205.692,Rivers Kinzig and Boye (Germany)
7.915,216.672,Rivers Kinzig and Boye (Germany)
8.01,184.22,Rivers Kinzig and Boye (Germany)
8.13,173.484,Rivers Kinzig and Boye (Germany)
8.13,170.068,Rivers Kinzig and Boye (Germany)
8.065,159.088,Rivers Kinzig and Boye (Germany)
8.535,174.46,Rivers Kinzig and Boye (Germany)
7.846666667,218.136,Rivers Kinzig and Boye (Germany)
7.975,162.992,Rivers Kinzig and Boye (Germany)
8.065,136.396,Rivers Kinzig and Boye (Germany)
8.105,162.504,Rivers Kinzig and Boye (Germany)
7.906666667,136.152,Rivers Kinzig and Boye (Germany)
7.905,148.596,Rivers Kinzig and Boye (Germany)
7.995,156.16,Rivers Kinzig and Boye (Germany)
8.045,155.428,Rivers Kinzig and Boye (Germany)
7.93,165.432,Rivers Kinzig and Boye (Germany)
8.11,165.432,Rivers Kinzig and Boye (Germany)
8.16,178.364,Rivers Kinzig and Boye (Germany)
8.37,161.284,Rivers Kinzig and Boye (Germany)
7.866666667,215.696,Rivers Kinzig and Boye (Germany)
7.88,166.652,Rivers Kinzig and Boye (Germany)
8.035,142.008,Rivers Kinzig and Boye (Germany)
8.26,169.092,Rivers Kinzig and Boye (Germany)
7.97,154.94,Rivers Kinzig and Boye (Germany)
7.915,148.84,Rivers Kinzig and Boye (Germany)
7.95,147.864,Rivers Kinzig and Boye (Germany)
8.035,169.58,Rivers Kinzig and Boye (Germany)
8.08,177.144,Rivers Kinzig and Boye (Germany)
8.21,170.8,Rivers Kinzig and Boye (Germany)
8.17,89.304,Rivers Kinzig and Boye (Germany)
8.615,78.568,Rivers Kinzig and Boye (Germany)
7.82,49.532,Rivers Kinzig and Boye (Germany)
8.869,66.612,Rivers Kinzig and Boye (Germany)
7.94,79.056,Rivers Kinzig and Boye (Germany)
7.985,67.588,Rivers Kinzig and Boye (Germany)
7.885,80.52,Rivers Kinzig and Boye (Germany)
8.046666667,88.084,Rivers Kinzig and Boye (Germany)
8.07,90.524,Rivers Kinzig and Boye (Germany)
7.535,34.648,Rivers Kinzig and Boye (Germany)
7.49,36.112,Rivers Kinzig and Boye (Germany)
7.855,42.944,Rivers Kinzig and Boye (Germany)
7.96,90.28,Rivers Kinzig and Boye (Germany)
8.035,85.4,Rivers Kinzig and Boye (Germany)
8.01,54.168,Rivers Kinzig and Boye (Germany)
9.11,57.34,Rivers Kinzig and Boye (Germany)
8.14,85.156,Rivers Kinzig and Boye (Germany)
8.11,69.296,Rivers Kinzig and Boye (Germany)
8.15,82.228,Rivers Kinzig and Boye (Germany)
8.26,88.816,Rivers Kinzig and Boye (Germany)
8.215,88.816,Rivers Kinzig and Boye (Germany)
7.7,36.112,Rivers Kinzig and Boye (Germany)
7.825,38.796,Rivers Kinzig and Boye (Germany)
8.255,45.628,Rivers Kinzig and Boye (Germany)
8.07,174.46,Rivers Kinzig and Boye (Germany)
7.73,185.684,Rivers Kinzig and Boye (Germany)
7.896666667,252.54,Rivers Kinzig and Boye (Germany)
7.88,183.488,Rivers Kinzig and Boye (Germany)
8.09,160.796,Rivers Kinzig and Boye (Germany)
8.335,178.608,Rivers Kinzig and Boye (Germany)
7.94,147.62,Rivers Kinzig and Boye (Germany)
8.08,163.968,Rivers Kinzig and Boye (Germany)
8.035,155.672,Rivers Kinzig and Boye (Germany)
7.945,203.008,Rivers Kinzig and Boye (Germany)
7.99,186.172,Rivers Kinzig and Boye (Germany)
8.3,176.656,Rivers Kinzig and Boye (Germany)
8.125,187.392,Rivers Kinzig and Boye (Germany)
7.96,179.34,Rivers Kinzig and Boye (Germany)
7.766666667,242.536,Rivers Kinzig and Boye (Germany)
8.04,179.096,Rivers Kinzig and Boye (Germany)
8.41,143.228,Rivers Kinzig and Boye (Germany)
8.44,145.424,Rivers Kinzig and Boye (Germany)
7.996666667,152.988,Rivers Kinzig and Boye (Germany)
8.175,178.852,Rivers Kinzig and Boye (Germany)
8.135,152.744,Rivers Kinzig and Boye (Germany)
7.925,196.908,Rivers Kinzig and Boye (Germany)
7.95,183.488,Rivers Kinzig and Boye (Germany)
8.31,176.9,Rivers Kinzig and Boye (Germany)
7.92,246.928,Rivers Kinzig and Boye (Germany)
7.88,270.84,Rivers Kinzig and Boye (Germany)
7.93,228.384,Rivers Kinzig and Boye (Germany)
8.29,224.724,Rivers Kinzig and Boye (Germany)
8.085,266.692,Rivers Kinzig and Boye (Germany)
7.985,213.744,Rivers Kinzig and Boye (Germany)
8.05,243.024,Rivers Kinzig and Boye (Germany)
7.973333333,281.576,Rivers Kinzig and Boye (Germany)
7.925,215.696,Rivers Kinzig and Boye (Germany)
8.015,191.784,Rivers Kinzig and Boye (Germany)
8.07,244.732,Rivers Kinzig and Boye (Germany)
8.025,243.268,Rivers Kinzig and Boye (Germany)
8.26,250.588,Rivers Kinzig and Boye (Germany)
8.28,279.136,Rivers Kinzig and Boye (Germany)
8.42,232.288,Rivers Kinzig and Boye (Germany)
8.69,233.264,Rivers Kinzig and Boye (Germany)
8.43,280.112,Rivers Kinzig and Boye (Germany)
8.145,220.576,Rivers Kinzig and Boye (Germany)
8.265,223.992,Rivers Kinzig and Boye (Germany)
8.25,274.988,Rivers Kinzig and Boye (Germany)
8.295,205.448,Rivers Kinzig and Boye (Germany)
8.145,163.48,Rivers Kinzig and Boye (Germany)
8.26,249.124,Rivers Kinzig and Boye (Germany)
8.125,253.516,Rivers Kinzig and Boye (Germany)
7.465,60.756,Rivers Kinzig and Boye (Germany)
7.565,63.44,Rivers Kinzig and Boye (Germany)
7.69,44.652,Rivers Kinzig and Boye (Germany)
8.27,42.7,Rivers Kinzig and Boye (Germany)
7.705,54.656,Rivers Kinzig and Boye (Germany)
7.58,49.044,Rivers Kinzig and Boye (Germany)
7.645,57.34,Rivers Kinzig and Boye (Germany)
7.603333333,51.728,Rivers Kinzig and Boye (Germany)
7.61,62.22,Rivers Kinzig and Boye (Germany)
7.735,30.988,Rivers Kinzig and Boye (Germany)
7.785,34.16,Rivers Kinzig and Boye (Germany)
7.755,36.844,Rivers Kinzig and Boye (Germany)
7.42,65.148,Rivers Kinzig and Boye (Germany)
7.44,72.224,Rivers Kinzig and Boye (Germany)
7.73,51.484,Rivers Kinzig and Boye (Germany)
8.01,61.732,Rivers Kinzig and Boye (Germany)
7.615,68.808,Rivers Kinzig and Boye (Germany)
7.49,62.464,Rivers Kinzig and Boye (Germany)
7.48,60.268,Rivers Kinzig and Boye (Germany)
7.55,70.272,Rivers Kinzig and Boye (Germany)
7.445,68.564,Rivers Kinzig and Boye (Germany)
7.635,34.892,Rivers Kinzig and Boye (Germany)
7.66,37.088,Rivers Kinzig and Boye (Germany)
7.665,45.872,Rivers Kinzig and Boye (Germany)
8.275,182.268,Rivers Kinzig and Boye (Germany)
8.02,204.96,Rivers Kinzig and Boye (Germany)
8.25,256.444,Rivers Kinzig and Boye (Germany)
8.055,174.216,Rivers Kinzig and Boye (Germany)
8.195,206.424,Rivers Kinzig and Boye (Germany)
8.45,134.2,Rivers Kinzig and Boye (Germany)
8.176666667,90.768,Rivers Kinzig and Boye (Germany)
8.11,168.848,Rivers Kinzig and Boye (Germany)
8.03,161.528,Rivers Kinzig and Boye (Germany)
8.245,175.436,Rivers Kinzig and Boye (Germany)
8.47,172.264,Rivers Kinzig and Boye (Germany)
8.47,190.076,Rivers Kinzig and Boye (Germany)
8.06,251.076,Rivers Kinzig and Boye (Germany)
7.81,251.32,Rivers Kinzig and Boye (Germany)
7.72,313.052,Rivers Kinzig and Boye (Germany)
7.96,250.1,Rivers Kinzig and Boye (Germany)
8.035,202.032,Rivers Kinzig and Boye (Germany)
8.26,243.268,Rivers Kinzig and Boye (Germany)
7.993333333,165.92,Rivers Kinzig and Boye (Germany)
7.925,254.98,Rivers Kinzig and Boye (Germany)
7.855,226.188,Rivers Kinzig and Boye (Germany)
7.785,250.832,Rivers Kinzig and Boye (Germany)
7.945,246.928,Rivers Kinzig and Boye (Germany)
8.16,242.78,Rivers Kinzig and Boye (Germany)
8.265,181.536,Rivers Kinzig and Boye (Germany)
8.19,193.492,Rivers Kinzig and Boye (Germany)
8.355,147.376,Rivers Kinzig and Boye (Germany)
9.04,170.068,Rivers Kinzig and Boye (Germany)
8.345,195.688,Rivers Kinzig and Boye (Germany)
8.49,181.78,Rivers Kinzig and Boye (Germany)
8.35,138.836,Rivers Kinzig and Boye (Germany)
8.555,232.532,Rivers Kinzig and Boye (Germany)
8.43,164.212,Rivers Kinzig and Boye (Germany)
8.07,83.936,Rivers Kinzig and Boye (Germany)
8.265,120.658,Rivers Kinzig and Boye (Germany)
8.75,134.2,Rivers Kinzig and Boye (Germany)
8.11,197.884,Rivers Kinzig and Boye (Germany)
8.115,183.732,Rivers Kinzig and Boye (Germany)
8.11,153.476,Rivers Kinzig and Boye (Germany)
8.472,213.744,Rivers Kinzig and Boye (Germany)
8.245,237.656,Rivers Kinzig and Boye (Germany)
8.325,194.712,Rivers Kinzig and Boye (Germany)
8.24,132.004,Rivers Kinzig and Boye (Germany)
8.395,243.268,Rivers Kinzig and Boye (Germany)
8.41,173.24,Rivers Kinzig and Boye (Germany)
8.19,95.16,Rivers Kinzig and Boye (Germany)
8.055,138.836,Rivers Kinzig and Boye (Germany)
8.385,158.844,Rivers Kinzig and Boye (Germany)
8.19,198.616,Rivers Kinzig and Boye (Germany)
8.125,171.776,Rivers Kinzig and Boye (Germany)
8.26,149.328,Rivers Kinzig and Boye (Germany)
8.629,191.296,Rivers Kinzig and Boye (Germany)
8.355,203.252,Rivers Kinzig and Boye (Germany)
8.42,180.316,Rivers Kinzig and Boye (Germany)
8.305,162.016,Rivers Kinzig and Boye (Germany)
8.475,226.188,Rivers Kinzig and Boye (Germany)
8.223333333,63.928,Rivers Kinzig and Boye (Germany)
8.25,90.524,Rivers Kinzig and Boye (Germany)
7.805,129.808,Rivers Kinzig and Boye (Germany)
8.475,162.504,Rivers Kinzig and Boye (Germany)
8.075,211.792,Rivers Kinzig and Boye (Germany)
8,195.688,Rivers Kinzig and Boye (Germany)
8.2,152.988,Rivers Kinzig and Boye (Germany)
8.5195,199.104,Rivers Kinzig and Boye (Germany)
8.215,212.28,Rivers Kinzig and Boye (Germany)
8.29,166.896,Rivers Kinzig and Boye (Germany)
8.205,158.112,Rivers Kinzig and Boye (Germany)
8.365,237.168,Rivers Kinzig and Boye (Germany)
8.236666667,194.468,Rivers Kinzig and Boye (Germany)
8.2,90.28,Rivers Kinzig and Boye (Germany)
8.07,128.1,Rivers Kinzig and Boye (Germany)
8.465,161.04,Rivers Kinzig and Boye (Germany)
8.015,171.288,Rivers Kinzig and Boye (Germany)
7.85,235.704,Rivers Kinzig and Boye (Germany)
7.84,299.144,Rivers Kinzig and Boye (Germany)
7.97,221.064,Rivers Kinzig and Boye (Germany)
7.93,175.68,Rivers Kinzig and Boye (Germany)
8.075,198.372,Rivers Kinzig and Boye (Germany)
7.976666667,177.388,Rivers Kinzig and Boye (Germany)
7.975,191.296,Rivers Kinzig and Boye (Germany)
7.605,200.812,Rivers Kinzig and Boye (Germany)
7.98,188.856,Rivers Kinzig and Boye (Germany)
8.255,200.324,Rivers Kinzig and Boye (Germany)
8.22,177.144,Rivers Kinzig and Boye (Germany)
7.98,194.956,Rivers Kinzig and Boye (Germany)
7.99,203.008,Rivers Kinzig and Boye (Germany)
8.066666667,303.78,Rivers Kinzig and Boye (Germany)
8.045,211.548,Rivers Kinzig and Boye (Germany)
8.11,186.172,Rivers Kinzig and Boye (Germany)
8.32,162.992,Rivers Kinzig and Boye (Germany)
8.163333333,159.576,Rivers Kinzig and Boye (Germany)
8.05,181.536,Rivers Kinzig and Boye (Germany)
7.965,170.312,Rivers Kinzig and Boye (Germany)
8,174.46,Rivers Kinzig and Boye (Germany)
8.32,201.056,Rivers Kinzig and Boye (Germany)
8.35,189.588,Rivers Kinzig and Boye (Germany)
8.01,270.84,Rivers Kinzig and Boye (Germany)
8.01,281.088,Rivers Kinzig and Boye (Germany)
8.26,296.46,Rivers Kinzig and Boye (Germany)
8.5,18.3,Rivers Kinzig and Boye (Germany)
8.115,277.672,Rivers Kinzig and Boye (Germany)
7.925,212.524,Rivers Kinzig and Boye (Germany)
8.005,251.32,Rivers Kinzig and Boye (Germany)
8,304.268,Rivers Kinzig and Boye (Germany)
7.96,209.84,Rivers Kinzig and Boye (Germany)
7.95,192.272,Rivers Kinzig and Boye (Germany)
8.18,219.6,Rivers Kinzig and Boye (Germany)
8.2,277.672,Rivers Kinzig and Boye (Germany)
7.95,253.516,Rivers Kinzig and Boye (Germany)
8.025,317.444,Rivers Kinzig and Boye (Germany)
8.38,264.74,Rivers Kinzig and Boye (Germany)
8.6,229.604,Rivers Kinzig and Boye (Germany)
8.03,276.452,Rivers Kinzig and Boye (Germany)
7.9,216.184,Rivers Kinzig and Boye (Germany)
7.97,231.068,Rivers Kinzig and Boye (Germany)
7.85,243.756,Rivers Kinzig and Boye (Germany)
7.905,219.112,Rivers Kinzig and Boye (Germany)
8.075,191.784,Rivers Kinzig and Boye (Germany)
8.225,304.024,Rivers Kinzig and Boye (Germany)
8.115,282.308,Rivers Kinzig and Boye (Germany)
8.5,191.54,Rivers Kinzig and Boye (Germany)
8.665,193.492,Rivers Kinzig and Boye (Germany)
8.73,176.9,Rivers Kinzig and Boye (Germany)
7.89,307.196,Rivers Kinzig and Boye (Germany)
7.615,281.82,Rivers Kinzig and Boye (Germany)
7.87,282.308,Rivers Kinzig and Boye (Germany)
7.96,287.432,Rivers Kinzig and Boye (Germany)
7.856666667,300.12,Rivers Kinzig and Boye (Germany)
7.68,313.052,Rivers Kinzig and Boye (Germany)
7.74,163.48,Rivers Kinzig and Boye (Germany)
7.905,241.804,Rivers Kinzig and Boye (Germany)
8.085,260.104,Rivers Kinzig and Boye (Germany)
7.98,304.512,Rivers Kinzig and Boye (Germany)
7.475,22.936,Rivers Kinzig and Boye (Germany)
7.6,24.888,Rivers Kinzig and Boye (Germany)
7.675,32.452,Rivers Kinzig and Boye (Germany)
7.73,16.592,Rivers Kinzig and Boye (Germany)
7.66,20.496,Rivers Kinzig and Boye (Germany)
7.61,22.448,Rivers Kinzig and Boye (Germany)
7.635,22.936,Rivers Kinzig and Boye (Germany)
7.703333333,15.372,Rivers Kinzig and Boye (Germany)
7.7,18.3,Rivers Kinzig and Boye (Germany)
8.045,30.744,Rivers Kinzig and Boye (Germany)
7.405,21.228,Rivers Kinzig and Boye (Germany)
7.455,15.86,Rivers Kinzig and Boye (Germany)
7.495,33.184,Rivers Kinzig and Boye (Germany)
7.405,32.696,Rivers Kinzig and Boye (Germany)
7.46,31.476,Rivers Kinzig and Boye (Germany)
7.94,245.22,Rivers Kinzig and Boye (Germany)
7.45,24.156,Rivers Kinzig and Boye (Germany)
7.27,30.5,Rivers Kinzig and Boye (Germany)
7.535,34.648,Rivers Kinzig and Boye (Germany)
7.476666667,19.764,Rivers Kinzig and Boye (Germany)
7.535,25.132,Rivers Kinzig and Boye (Germany)
7.52,36.844,Rivers Kinzig and Boye (Germany)
7.26,20.496,Rivers Kinzig and Boye (Germany)
7.31,17.08,Rivers Kinzig and Boye (Germany)
8.03,217.648,Rivers Kinzig and Boye (Germany)
7.71,231.312,Rivers Kinzig and Boye (Germany)
7.89,315.004,Rivers Kinzig and Boye (Germany)
8.01,207.644,Rivers Kinzig and Boye (Germany)
8.02,176.412,Rivers Kinzig and Boye (Germany)
8.155,221.064,Rivers Kinzig and Boye (Germany)
7.89,184.464,Rivers Kinzig and Boye (Germany)
7.72,221.064,Rivers Kinzig and Boye (Germany)
7.665,237.9,Rivers Kinzig and Boye (Germany)
7.9,194.224,Rivers Kinzig and Boye (Germany)
8.035,199.836,Rivers Kinzig and Boye (Germany)
8.18,200.324,Rivers Kinzig and Boye (Germany)
7.965,106.384,Rivers Kinzig and Boye (Germany)
8.07,94.184,Rivers Kinzig and Boye (Germany)
7.94,53.436,Rivers Kinzig and Boye (Germany)
9.11,62.22,Rivers Kinzig and Boye (Germany)
8.34,96.38,Rivers Kinzig and Boye (Germany)
8.11,80.276,Rivers Kinzig and Boye (Germany)
8.07,79.544,Rivers Kinzig and Boye (Germany)
8.183333333,89.548,Rivers Kinzig and Boye (Germany)
8.085,102.724,Rivers Kinzig and Boye (Germany)
7.93,35.136,Rivers Kinzig and Boye (Germany)
7.86,38.552,Rivers Kinzig and Boye (Germany)
8.03,48.556,Rivers Kinzig and Boye (Germany)
8.055,114.192,Rivers Kinzig and Boye (Germany)
8.165,96.624,Rivers Kinzig and Boye (Germany)
8.06,58.316,Rivers Kinzig and Boye (Germany)
9.3,56.852,Rivers Kinzig and Boye (Germany)
8.155,100.528,Rivers Kinzig and Boye (Germany)
8.135,89.792,Rivers Kinzig and Boye (Germany)
8.07,80.276,Rivers Kinzig and Boye (Germany)
8.276666667,103.212,Rivers Kinzig and Boye (Germany)
8.195,110.776,Rivers Kinzig and Boye (Germany)
7.9,38.552,Rivers Kinzig and Boye (Germany)
7.905,41.236,Rivers Kinzig and Boye (Germany)
8.32,55.388,Rivers Kinzig and Boye (Germany)
8.155,161.772,Rivers Kinzig and Boye (Germany)
7.9,162.992,Rivers Kinzig and Boye (Germany)
7.893333333,126.148,Rivers Kinzig and Boye (Germany)
7.73,109.8,Rivers Kinzig and Boye (Germany)
7.975,96.868,Rivers Kinzig and Boye (Germany)
8.045,152.744,Rivers Kinzig and Boye (Germany)
8.066666667,156.892,Rivers Kinzig and Boye (Germany)
8.095,254.248,Rivers Kinzig and Boye (Germany)
8.085,188.368,Rivers Kinzig and Boye (Germany)
7.995,136.64,Rivers Kinzig and Boye (Germany)
8.05,124.44,Rivers Kinzig and Boye (Germany)
8.57,155.428,Rivers Kinzig and Boye (Germany)
7.96,142.008,Rivers Kinzig and Boye (Germany)
7.98,126.636,Rivers Kinzig and Boye (Germany)
8.005,85.644,Rivers Kinzig and Boye (Germany)
9.002,114.436,Rivers Kinzig and Boye (Germany)
8.26,146.888,Rivers Kinzig and Boye (Germany)
8.26,116.388,Rivers Kinzig and Boye (Germany)
8.2,138.836,Rivers Kinzig and Boye (Germany)
8.386666667,158.6,Rivers Kinzig and Boye (Germany)
8.46,136.152,Rivers Kinzig and Boye (Germany)
7.795,55.876,Rivers Kinzig and Boye (Germany)
7.875,75.396,Rivers Kinzig and Boye (Germany)
8.32,100.528,Rivers Kinzig and Boye (Germany)
8.195,142.984,Rivers Kinzig and Boye (Germany)
8.04,131.516,Rivers Kinzig and Boye (Germany)
8.34,86.62,Rivers Kinzig and Boye (Germany)
8.618,106.628,Rivers Kinzig and Boye (Germany)
8.345,140.3,Rivers Kinzig and Boye (Germany)
8.32,105.164,Rivers Kinzig and Boye (Germany)
8.155,138.348,Rivers Kinzig and Boye (Germany)
8.436666667,153.72,Rivers Kinzig and Boye (Germany)
8.32,140.056,Rivers Kinzig and Boye (Germany)
8.1,58.072,Rivers Kinzig and Boye (Germany)
7.965,80.276,Rivers Kinzig and Boye (Germany)
8.475,90.524,Rivers Kinzig and Boye (Germany)
7.735,260.592,Rivers Kinzig and Boye (Germany)
7.485,256.688,Rivers Kinzig and Boye (Germany)
7.57,314.76,Rivers Kinzig and Boye (Germany)
7.635,238.144,Rivers Kinzig and Boye (Germany)
7.695,221.796,Rivers Kinzig and Boye (Germany)
7.905,202.032,Rivers Kinzig and Boye (Germany)
7.776666667,210.328,Rivers Kinzig and Boye (Germany)
7.675,274.988,Rivers Kinzig and Boye (Germany)
7.555,250.344,Rivers Kinzig and Boye (Germany)
8.065,240.584,Rivers Kinzig and Boye (Germany)
7.765,194.224,Rivers Kinzig and Boye (Germany)
7.87,249.124,Rivers Kinzig and Boye (Germany)
7.48,280.112,Rivers Kinzig and Boye (Germany)
8.49,264.008,Rivers Kinzig and Boye (Germany)
7.48,297.192,Rivers Kinzig and Boye (Germany)
7.31,266.936,Rivers Kinzig and Boye (Germany)
7.435,212.768,Rivers Kinzig and Boye (Germany)
7.535,230.336,Rivers Kinzig and Boye (Germany)
7.53,260.836,Rivers Kinzig and Boye (Germany)
7.305,308.172,Rivers Kinzig and Boye (Germany)
7.295,303.536,Rivers Kinzig and Boye (Germany)
7.45,256.2,Rivers Kinzig and Boye (Germany)
7.695,212.28,Rivers Kinzig and Boye (Germany)
7.78,246.684,Rivers Kinzig and Boye (Germany)
8.445,226.432,Rivers Kinzig and Boye (Germany)
8.135,329.888,Rivers Kinzig and Boye (Germany)
8.356666667,396.256,Rivers Kinzig and Boye (Germany)
8.14,300.364,Rivers Kinzig and Boye (Germany)
8.385,227.652,Rivers Kinzig and Boye (Germany)
8.665,253.028,Rivers Kinzig and Boye (Germany)
8.46,180.072,Rivers Kinzig and Boye (Germany)
8.215,237.168,Rivers Kinzig and Boye (Germany)
8.045,211.548,Rivers Kinzig and Boye (Germany)
8.3,268.644,Rivers Kinzig and Boye (Germany)
8.425,250,Rivers Kinzig and Boye (Germany)
8.39,271.328,Rivers Kinzig and Boye (Germany)
7.98,212.28,Kaijser et al. (unpublished)
7.98,212.28,Kaijser et al. (unpublished)
7.98,212.28,Kaijser et al. (unpublished)
7.98,212.28,Kaijser et al. (unpublished)
8.12,225.395,Kaijser et al. (unpublished)
8.12,225.395,Kaijser et al. (unpublished)
8.12,225.395,Kaijser et al. (unpublished)
8.12,225.395,Kaijser et al. (unpublished)
7.84,217.465,Kaijser et al. (unpublished)
7.84,217.465,Kaijser et al. (unpublished)
7.84,217.465,Kaijser et al. (unpublished)
7.84,217.465,Kaijser et al. (unpublished)
7.84,217.465,Kaijser et al. (unpublished)
7.84,217.465,Kaijser et al. (unpublished)
7.91,218.99,Kaijser et al. (unpublished)
7.91,218.99,Kaijser et al. (unpublished)
7.91,218.99,Kaijser et al. (unpublished)
7.91,218.99,Kaijser et al. (unpublished)
7.22,119.56,Kaijser et al. (unpublished)
7.22,119.56,Kaijser et al. (unpublished)
7.36,115.9,Kaijser et al. (unpublished)
7.36,115.9,Kaijser et al. (unpublished)
6.86,50.935,Kaijser et al. (unpublished)
6.65,34.77,Kaijser et al. (unpublished)
8.62,125.965,Kaijser et al. (unpublished)
8.62,125.965,Kaijser et al. (unpublished)
8.62,125.965,Kaijser et al. (unpublished)
8.62,125.965,Kaijser et al. (unpublished)
8.62,125.965,Kaijser et al. (unpublished)
7.41,436.15,Kaijser et al. (unpublished)
7.41,436.15,Kaijser et al. (unpublished)
7.52,227.53,Kaijser et al. (unpublished)
7.52,227.53,Kaijser et al. (unpublished)
7.72,208.62,Kaijser et al. (unpublished)
7.72,208.62,Kaijser et al. (unpublished)
7.72,208.62,Kaijser et al. (unpublished)
7.33,214.415,Kaijser et al. (unpublished)
7.33,214.415,Kaijser et al. (unpublished)
7.99,192.15,Kaijser et al. (unpublished)
8.04,276.94,Kaijser et al. (unpublished)
8.04,276.94,Kaijser et al. (unpublished)
8.04,276.94,Kaijser et al. (unpublished)
8.04,276.94,Kaijser et al. (unpublished)
8.23,274.805,Kaijser et al. (unpublished)
8.23,274.805,Kaijser et al. (unpublished)
8.23,274.805,Kaijser et al. (unpublished)
8.21,270.84,Kaijser et al. (unpublished)
8.21,270.84,Kaijser et al. (unpublished)
8.21,270.84,Kaijser et al. (unpublished)
7.98,295.85,Kaijser et al. (unpublished)
7.98,295.85,Kaijser et al. (unpublished)
7.98,295.85,Kaijser et al. (unpublished)
7.6,117.12,Kaijser et al. (unpublished)
7.6,117.12,Kaijser et al. (unpublished)
7.6,117.12,Kaijser et al. (unpublished)
7.6,117.12,Kaijser et al. (unpublished)
7.6,117.12,Kaijser et al. (unpublished)
7.58,287.31,Kaijser et al. (unpublished)
7.58,287.31,Kaijser et al. (unpublished)
7.58,287.31,Kaijser et al. (unpublished)
7.58,287.31,Kaijser et al. (unpublished)
7.58,287.31,Kaijser et al. (unpublished)
7.32,141.825,Kaijser et al. (unpublished)
7.32,141.825,Kaijser et al. (unpublished)
7.24,204.35,Kaijser et al. (unpublished)
7.24,204.35,Kaijser et al. (unpublished)
8.09,235.765,Kaijser et al. (unpublished)
8.09,235.765,Kaijser et al. (unpublished)
8.09,235.765,Kaijser et al. (unpublished)
7.69,180.865,Kaijser et al. (unpublished)
7.69,180.865,Kaijser et al. (unpublished)
8.32,199.775,Kaijser et al. (unpublished)
7.84,167.14,Kaijser et al. (unpublished)
7.84,167.14,Kaijser et al. (unpublished)
7.07,57.95,Kaijser et al. (unpublished)
7.04,61.61,Kaijser et al. (unpublished)
7.04,61.61,Kaijser et al. (unpublished)
7.04,61.61,Kaijser et al. (unpublished)
7.52,111.935,Kaijser et al. (unpublished)
7.52,111.935,Kaijser et al. (unpublished)
8.21,96.685,Kaijser et al. (unpublished)
7.26,107.665,Kaijser et al. (unpublished)
7.26,107.665,Kaijser et al. (unpublished)
7.26,107.665,Kaijser et al. (unpublished)
7.26,107.665,Kaijser et al. (unpublished)
7.51,174.765,Kaijser et al. (unpublished)
7.51,174.765,Kaijser et al. (unpublished)
7.51,174.765,Kaijser et al. (unpublished)
7.51,174.765,Kaijser et al. (unpublished)
7.51,174.765,Kaijser et al. (unpublished)
7.56,131.15,Kaijser et al. (unpublished)
7.56,131.15,Kaijser et al. (unpublished)
7.56,131.15,Kaijser et al. (unpublished)
7.95,265.045,Kaijser et al. (unpublished)
7.95,265.045,Kaijser et al. (unpublished)
8.07,224.175,Kaijser et al. (unpublished)
7.83,225.7,Kaijser et al. (unpublished)
7.88,250.1,Kaijser et al. (unpublished)
7.68,278.465,Kaijser et al. (unpublished)
7.68,278.465,Kaijser et al. (unpublished)
7.68,278.465,Kaijser et al. (unpublished)
7.68,278.465,Kaijser et al. (unpublished)
7.68,278.465,Kaijser et al. (unpublished)
7.66,129.32,Kaijser et al. (unpublished)
7.66,129.32,Kaijser et al. (unpublished)
7.66,129.32,Kaijser et al. (unpublished)
7.66,129.32,Kaijser et al. (unpublished)
7.67,125.965,Kaijser et al. (unpublished)
7.67,125.965,Kaijser et al. (unpublished)
7.61,159.21,Kaijser et al. (unpublished)
7.61,159.21,Kaijser et al. (unpublished)
7.61,159.21,Kaijser et al. (unpublished)
7.46,128.71,Kaijser et al. (unpublished)
7.46,128.71,Kaijser et al. (unpublished)
7.46,128.71,Kaijser et al. (unpublished)
7.46,128.71,Kaijser et al. (unpublished)
7.46,128.71,Kaijser et al. (unpublished)
7.46,128.71,Kaijser et al. (unpublished)
7.46,128.71,Kaijser et al. (unpublished)
7.92,147.315,Kaijser et al. (unpublished)
7.92,147.315,Kaijser et al. (unpublished)
7.92,147.315,Kaijser et al. (unpublished)
8.03,205.875,Kaijser et al. (unpublished)
7.92,168.055,Kaijser et al. (unpublished)
7.92,168.055,Kaijser et al. (unpublished)
7.63,246.745,Kaijser et al. (unpublished)
7.63,246.745,Kaijser et al. (unpublished)
7.63,246.745,Kaijser et al. (unpublished)
7.43,81.13,Kaijser et al. (unpublished)
7.07,39.04,Kaijser et al. (unpublished)
7.07,39.04,Kaijser et al. (unpublished)
7.39,129.32,Kaijser et al. (unpublished)
7.39,129.32,Kaijser et al. (unpublished)
7.86,105.53,Kaijser et al. (unpublished)
7.86,105.53,Kaijser et al. (unpublished)
7.86,105.53,Kaijser et al. (unpublished)
7.86,105.53,Kaijser et al. (unpublished)
7.86,105.53,Kaijser et al. (unpublished)
8.56,208.315,Kaijser et al. (unpublished)
7.09,29.28,Kaijser et al. (unpublished)
7.09,29.28,Kaijser et al. (unpublished)
7.62,100.345,Kaijser et al. (unpublished)
7.11,100.04,Kaijser et al. (unpublished)
7.11,100.04,Kaijser et al. (unpublished)
7.42,111.325,Kaijser et al. (unpublished)
7.42,111.325,Kaijser et al. (unpublished)
7.42,111.325,Kaijser et al. (unpublished)
7.78,65.88,Kaijser et al. (unpublished)
7.78,65.88,Kaijser et al. (unpublished)
7.78,65.88,Kaijser et al. (unpublished)
9.11,63.135,Kaijser et al. (unpublished)
8.05,194.59,Kaijser et al. (unpublished)
8.05,194.59,Kaijser et al. (unpublished)
7.93,142.74,Kaijser et al. (unpublished)
7.93,142.74,Kaijser et al. (unpublished)
8.14,352.885,Kaijser et al. (unpublished)
8.14,352.885,Kaijser et al. (unpublished)
8.14,352.885,Kaijser et al. (unpublished)
8.15,247.66,Kaijser et al. (unpublished)
8.15,247.66,Kaijser et al. (unpublished)
7.91,161.345,Kaijser et al. (unpublished)
7.91,161.345,Kaijser et al. (unpublished)
7.79,195.505,Kaijser et al. (unpublished)
7.86,174.46,Kaijser et al. (unpublished)
7.86,174.46,Kaijser et al. (unpublished)
7.78,227.835,Kaijser et al. (unpublished)
7.78,227.835,Kaijser et al. (unpublished)
7.78,227.835,Kaijser et al. (unpublished)
7.78,227.835,Kaijser et al. (unpublished)
7.78,227.835,Kaijser et al. (unpublished)
7.78,227.835,Kaijser et al. (unpublished)
8.13,234.545,Kaijser et al. (unpublished)
8.13,234.545,Kaijser et al. (unpublished)
8.13,234.545,Kaijser et al. (unpublished)
7.54,305.305,Kaijser et al. (unpublished)
8.03,341.905,Kaijser et al. (unpublished)
8.03,341.905,Kaijser et al. (unpublished)
8.03,341.905,Kaijser et al. (unpublished)
7.87,392.84,Kaijser et al. (unpublished)
7.87,392.84,Kaijser et al. (unpublished)
7.64,241.255,Kaijser et al. (unpublished)
7.64,241.255,Kaijser et al. (unpublished)
7.64,241.255,Kaijser et al. (unpublished)
7.64,241.255,Kaijser et al. (unpublished)
8,185.44,Kaijser et al. (unpublished)
8,185.44,Kaijser et al. (unpublished)
8.13,312.015,Kaijser et al. (unpublished)
8.13,312.015,Kaijser et al. (unpublished)
8.13,312.015,Kaijser et al. (unpublished)
8.23,296.46,Kaijser et al. (unpublished)
8.23,296.46,Kaijser et al. (unpublished)
8.23,296.46,Kaijser et al. (unpublished)
7.9,247.965,Kaijser et al. (unpublished)
7.71,238.205,Kaijser et al. (unpublished)
7.71,238.205,Kaijser et al. (unpublished)
7.71,238.205,Kaijser et al. (unpublished)
8.23,276.94,Kaijser et al. (unpublished)
8.23,276.94,Kaijser et al. (unpublished)
5.42,0.0061,Couturier et al. (2022)
5.48,0.1098,Couturier et al. (2022)
5.67,0.2318,Couturier et al. (2022)
5.8,0.4026,Couturier et al. (2022)
5.72,0.4026,Couturier et al. (2022)
5.74,0.2867,Couturier et al. (2022)
5.53,0.4575,Couturier et al. (2022)
5.93,0.621041,Couturier et al. (2022)
5.86,0.464271,Couturier et al. (2022)
5.89,0.3111,Couturier et al. (2022)
5.66,0.3721,Couturier et al. (2022)
5.83,0.305,Couturier et al. (2022)
5.95,0.7076,Couturier et al. (2022)
6.27,0.6161,Couturier et al. (2022)
6.327,0.90341,Couturier et al. (2022)
6.42,0.769027,Couturier et al. (2022)
6.47,0.945073,Couturier et al. (2022)
6.39,0.687409,Couturier et al. (2022)
6.29,0.5368,Couturier et al. (2022)
6.39,0.7869,Couturier et al. (2022)
6.24,0.671,Couturier et al. (2022)
6.49,0.7259,Couturier et al. (2022)
6.488,0.7198,Couturier et al. (2022)
6.391,0.7442,Couturier et al. (2022)
6.44,0.6527,Couturier et al. (2022)
6.54,0.8967,Couturier et al. (2022)
6.44,0.9882,Couturier et al. (2022)
6.51,1.5494,Couturier et al. (2022)
6.58,2.5193,Couturier et al. (2022)
6.46,0.8113,Couturier et al. (2022)
6.48,1.3664,Couturier et al. (2022)
6.54,1.4945,Couturier et al. (2022)
6.57,1.4823,Couturier et al. (2022)
6.54,1.4945,Couturier et al. (2022)
6.58,1.4091,Couturier et al. (2022)
6.46,1.6409,Couturier et al. (2022)
4.916,0.0427,Couturier et al. (2022)
5.33,0.298534,Couturier et al. (2022)
5.47,0.074176,Couturier et al. (2022)
5.44,0.029219,Couturier et al. (2022)
5.37,0.2928,Couturier et al. (2022)
5.69,1.525,Couturier et al. (2022)
5.4,0.3355,Couturier et al. (2022)
5.54,0.2928,Couturier et al. (2022)
5.53,0.47214,Couturier et al. (2022)
5.59,0.36051,Couturier et al. (2022)
5.65,0.6832,Couturier et al. (2022)
5.65,0.35014,Couturier et al. (2022)
5.37,0.0244,Couturier et al. (2022)
5.58,0.3416,Couturier et al. (2022)
5.34,0.0915,Couturier et al. (2022)
5.49,0.1525,Couturier et al. (2022)
5.58,2.69498,Couturier et al. (2022)
5.69,0.4941,Couturier et al. (2022)
5.64,0.4697,Couturier et al. (2022)
5.55,0.5124,Couturier et al. (2022)
5.35,0.2806,Couturier et al. (2022)
5.51,0.2318,Couturier et al. (2022)
5.63,0.692045,Couturier et al. (2022)
5.54,0.522831,Couturier et al. (2022)
5.67,0.4148,Couturier et al. (2022)
5.73,0.4575,Couturier et al. (2022)
5.87,0.5917,Couturier et al. (2022)
6.04,0.5734,Couturier et al. (2022)
6.07,0.549,Couturier et al. (2022)
6.334,0.85522,Couturier et al. (2022)
6.44,0.709979,Couturier et al. (2022)
6.52,0.760975,Couturier et al. (2022)
6.35,0.800747,Couturier et al. (2022)
6.25,0.5917,Couturier et al. (2022)
6.2,0.6405,Couturier et al. (2022)
6.09,0.5246,Couturier et al. (2022)
6.3,0.7198,Couturier et al. (2022)
6.483,0.6954,Couturier et al. (2022)
6.454,0.732,Couturier et al. (2022)
6.47,0.7869,Couturier et al. (2022)
6.33,0.6649,Couturier et al. (2022)
6.44,0.9394,Couturier et al. (2022)
6.51,0.9089,Couturier et al. (2022)
6.61,1.8605,Couturier et al. (2022)
6.42,0.915,Couturier et al. (2022)
6.44,1.281,Couturier et al. (2022)
6.58,1.3054,Couturier et al. (2022)
6.59,1.4823,Couturier et al. (2022)
6.59,1.5677,Couturier et al. (2022)
6.6,1.8544,Couturier et al. (2022)
6.5,1.2627,Couturier et al. (2022)
5.38,0.0183,Couturier et al. (2022)
5.48,0.1708,Couturier et al. (2022)
5.84,0.244,Couturier et al. (2022)
5.37,0.0854,Couturier et al. (2022)
5.45,0.152805,Couturier et al. (2022)
5.44,0.178852,Couturier et al. (2022)
5.41,0.0732,Couturier et al. (2022)
5.54,0.1525,Couturier et al. (2022)
5.27,0.305,Couturier et al. (2022)
5.51,0.1098,Couturier et al. (2022)
6.035,0.471225,Couturier et al. (2022)
6.32,0.437797,Couturier et al. (2022)
6.19,0.415532,Couturier et al. (2022)
5.76,0.27084,Couturier et al. (2022)
5.82,0.1769,Couturier et al. (2022)
5.72,0.0854,Couturier et al. (2022)
6.07,0.3355,Couturier et al. (2022)
6.02,0.2501,Couturier et al. (2022)
5.906,0.122,Couturier et al. (2022)
5.67,0.1586,Couturier et al. (2022)
5.85,0.2135,Couturier et al. (2022)
6.37,0.5551,Couturier et al. (2022)
6.16,0.4514,Couturier et al. (2022)
6.3,1.7507,Couturier et al. (2022)
5.92,0.3843,Couturier et al. (2022)
5.96,0.55693,Couturier et al. (2022)
6.04,0.58865,Couturier et al. (2022)
6.22,0.56242,Couturier et al. (2022)
6.17,0.8052,Couturier et al. (2022)
6.31,0.7869,Couturier et al. (2022)
5.98,0.51545,Couturier et al. (2022)
5.21,0.061,Couturier et al. (2022)
5.02,0.305,Couturier et al. (2022)
5.601,0.234789,Couturier et al. (2022)
5.78,0.24034,Couturier et al. (2022)
6,0.193858,Couturier et al. (2022)
5.57,0.217038,Couturier et al. (2022)
6.05,0.3172,Couturier et al. (2022)
5.685,0.1037,Couturier et al. (2022)
5.29,0.3233,Couturier et al. (2022)
5.73,0.2379,Couturier et al. (2022)
6.22,0.4026,Couturier et al. (2022)
6.14,0.4697,Couturier et al. (2022)
6.27,2.0679,Couturier et al. (2022)
5.83,0.488,Couturier et al. (2022)
5.85,0.57706,Couturier et al. (2022)
5.97,0.55998,Couturier et al. (2022)
6.03,0.54595,Couturier et al. (2022)
6.1,0.59048,Couturier et al. (2022)
6.21,0.8479,Couturier et al. (2022)
5.73,0.8418,Couturier et al. (2022)
5.1,0.1769,Couturier et al. (2022)
5.27,0.01769,Couturier et al. (2022)
5.65,0.008662,Couturier et al. (2022)
5.76,0.163846,Couturier et al. (2022)
5.81,1.0126,Couturier et al. (2022)
7.03,0.1342,Couturier et al. (2022)
6.156,0.2135,Couturier et al. (2022)
6.213,0.2806,Couturier et al. (2022)
6.29,0.2135,Couturier et al. (2022)
6.34,0.4087,Couturier et al. (2022)
6.36,0.5063,Couturier et al. (2022)
6.38,0.2074,Couturier et al. (2022)
6.48,1.8727,Couturier et al. (2022)
6.43,0.6954,Couturier et al. (2022)
6.43,0.8357,Couturier et al. (2022)
6.46,0.9272,Couturier et al. (2022)
6.46,0.7442,Couturier et al. (2022)
6.42,0.61,Couturier et al. (2022)
6.57,1.1102,Couturier et al. (2022)
6.45,1.0431,Couturier et al. (2022)
5.56,0.1769,Couturier et al. (2022)
5.93,0.1769,Couturier et al. (2022)
6.024,0.43432,Couturier et al. (2022)
6.18,0.403698,Couturier et al. (2022)
6.24,0.408334,Couturier et al. (2022)
6.29,0.519293,Couturier et al. (2022)
6.26,0.2745,Couturier et al. (2022)
6.41,1.0736,Couturier et al. (2022)
6.32,0.6588,Couturier et al. (2022)
6.48,0.8418,Couturier et al. (2022)
6.613,0.7808,Couturier et al. (2022)
6.608,0.7564,Couturier et al. (2022)
6.53,0.9943,Couturier et al. (2022)
6.69,1.2749,Couturier et al. (2022)
6.82,1.5128,Couturier et al. (2022)
6.68,1.525,Couturier et al. (2022)
6.87,3.0683,Couturier et al. (2022)
6.8,1.7385,Couturier et al. (2022)
6.94,2.1472,Couturier et al. (2022)
6.93,2.2326,Couturier et al. (2022)
6.93,1.9764,Couturier et al. (2022)
6.86,2.2143,Couturier et al. (2022)
6.94,2.4461,Couturier et al. (2022)
6.94,2.5559,Couturier et al. (2022)
5.31,0.0366,Couturier et al. (2022)
5.3,0.4392,Couturier et al. (2022)
5.759,0.410286,Couturier et al. (2022)
5.95,0.544303,Couturier et al. (2022)
5.95,0.487207,Couturier et al. (2022)
5.89,0.477203,Couturier et al. (2022)
6.27,0.7198,Couturier et al. (2022)
5.99,1.2078,Couturier et al. (2022)
6.4,1.5067,Couturier et al. (2022)
5.93,0.3538,Couturier et al. (2022)
6.345,0.7076,Couturier et al. (2022)
6.56,1.2871,Couturier et al. (2022)
6.16,0.9455,Couturier et al. (2022)
6.36,0.8906,Couturier et al. (2022)
6.32,0.366,Couturier et al. (2022)
6.41,1.4823,Couturier et al. (2022)
6.26,0.8906,Couturier et al. (2022)
6.48,1.6531,Couturier et al. (2022)
6.5,1.8239,Couturier et al. (2022)
6.5,1.0492,Couturier et al. (2022)
6.65,1.9032,Couturier et al. (2022)
6.6,1.4701,Couturier et al. (2022)
4.87,0.0427,Couturier et al. (2022)
5.82,0.0183,Couturier et al. (2022)
5.85,0.0305,Couturier et al. (2022)
6.03,1.8605,Couturier et al. (2022)
5.95,0.2013,Couturier et al. (2022)
6.07,0.46116,Couturier et al. (2022)
6.14,0.7259,Couturier et al. (2022)
6.15,0.40382,Couturier et al. (2022)
6.16,0.43188,Couturier et al. (2022)
6.3,0.8418,Couturier et al. (2022)
6.22,0.6771,Couturier et al. (2022)
4.86,0.0427,Couturier et al. (2022)
5.79,0.0366,Couturier et al. (2022)
5.83,0.0183,Couturier et al. (2022)
5.89,1.3176,Couturier et al. (2022)
5.93,0.2257,Couturier et al. (2022)
5.99,0.57401,Couturier et al. (2022)
6.08,0.46177,Couturier et al. (2022)
6.11,0.38552,Couturier et al. (2022)
6.07,0.38003,Couturier et al. (2022)
6.2,0.60878,Couturier et al. (2022)
6.16,0.7991,Couturier et al. (2022)
5.65,0.026718,Couturier et al. (2022)
5.45,0.8113,Couturier et al. (2022)
5.57,0.1159,Couturier et al. (2022)
5.62,0.45994,Couturier et al. (2022)
5.68,0.22936,Couturier et al. (2022)
5.78,0.20496,Couturier et al. (2022)
5.7,0.2989,Couturier et al. (2022)
5.77,0.7015,Couturier et al. (2022)
5.75,0.35075,Couturier et al. (2022)
5.304,0.082228,Couturier et al. (2022)
5.57,0.038552,Couturier et al. (2022)
5.63,0.009821,Couturier et al. (2022)
5.51,0.095526,Couturier et al. (2022)
6,0.0732,Couturier et al. (2022)
5.98,0.1464,Couturier et al. (2022)
5.93,0.0671,Couturier et al. (2022)
6.05,0.9394,Couturier et al. (2022)
5.71,0.2745,Couturier et al. (2022)
5.83,0.34343,Couturier et al. (2022)
5.91,0.43493,Couturier et al. (2022)
6.01,0.32147,Couturier et al. (2022)
6.06,0.48739,Couturier et al. (2022)
6.15,0.50569,Couturier et al. (2022)
5.93,0.47092,Couturier et al. (2022)
5.76,0.2806,Couturier et al. (2022)
5.52,0.2623,Couturier et al. (2022)
5.8,0.3843,Couturier et al. (2022)
5.72,0.2013,Couturier et al. (2022)
5.9,0.6222,Couturier et al. (2022)
6.02,0.8113,Couturier et al. (2022)
5.68,0.6039,Couturier et al. (2022)
5.66,0.3965,Couturier et al. (2022)
5.67,0.5063,Couturier et al. (2022)
5.97,0.865224,Couturier et al. (2022)
5.79,0.827099,Couturier et al. (2022)
5.83,0.7686,Couturier et al. (2022)
5.95,0.7015,Couturier et al. (2022)
5.87,0.7076,Couturier et al. (2022)
6.03,0.8357,Couturier et al. (2022)
6.29,0.6527,Couturier et al. (2022)
6.311,0.97356,Couturier et al. (2022)
6.64,0.97356,Couturier et al. (2022)
6.54,0.882426,Couturier et al. (2022)
6.27,0.877424,Couturier et al. (2022)
6.07,0.4209,Couturier et al. (2022)
6.3,0.7259,Couturier et al. (2022)
6.1,0.5429,Couturier et al. (2022)
6.44,0.915,Couturier et al. (2022)
6.38,0.7869,Couturier et al. (2022)
6.402,0.7015,Couturier et al. (2022)
6.38,0.732,Couturier et al. (2022)
6.36,0.7259,Couturier et al. (2022)
6.49,1.1712,Couturier et al. (2022)
6.67,2.4339,Couturier et al. (2022)
6.48,1.1529,Couturier et al. (2022)
6.49,1.3603,Couturier et al. (2022)
6.44,1.1468,Couturier et al. (2022)
6.54,0.9028,Couturier et al. (2022)
6.5,1.7263,Couturier et al. (2022)
6.62,1.4762,Couturier et al. (2022)
6.34,1.1102,Couturier et al. (2022)
4.86,0.0427,Couturier et al. (2022)
5.84,0.8479,Couturier et al. (2022)
5.75,0.1586,Couturier et al. (2022)
5.85,0.31598,Couturier et al. (2022)
5.89,0.6954,Couturier et al. (2022)
5.95,0.6344,Couturier et al. (2022)
5.97,0.27511,Couturier et al. (2022)
6.07,0.50508,Couturier et al. (2022)
5.99,0.43554,Couturier et al. (2022)
5.49,0.0427,Couturier et al. (2022)
5.51,0.0244,Couturier et al. (2022)
5.54,0.0793,Couturier et al. (2022)
5.73,0.2562,Couturier et al. (2022)
5.69,0.2806,Couturier et al. (2022)
5.62,0.1586,Couturier et al. (2022)
5.83,0.2013,Couturier et al. (2022)
5.71,0.338428,Couturier et al. (2022)
5.53,0.365695,Couturier et al. (2022)
5.87,0.1037,Couturier et al. (2022)
5.94,0.2867,Couturier et al. (2022)
5.77,0.2196,Couturier et al. (2022)
5.89,0.4392,Couturier et al. (2022)
5.79,0.2074,Couturier et al. (2022)
6.158,0.526979,Couturier et al. (2022)
6.41,0.550281,Couturier et al. (2022)
6.41,0.696925,Couturier et al. (2022)
6.37,0.554185,Couturier et al. (2022)
6.11,0.2745,Couturier et al. (2022)
6.28,0.2989,Couturier et al. (2022)
6.03,0.3843,Couturier et al. (2022)
6.46,0.5673,Couturier et al. (2022)
6.6,0.5917,Couturier et al. (2022)
6.473,0.5917,Couturier et al. (2022)
6.44,0.6039,Couturier et al. (2022)
6.32,0.3294,Couturier et al. (2022)
6.48,0.6527,Couturier et al. (2022)
6.72,0.6039,Couturier et al. (2022)
6.6,1.6104,Couturier et al. (2022)
6.45,0.7503,Couturier et al. (2022)
6.51,0.9699,Couturier et al. (2022)
6.59,1.1224,Couturier et al. (2022)
6.66,1.0187,Couturier et al. (2022)
6.66,1.4457,Couturier et al. (2022)
6.62,1.4091,Couturier et al. (2022)
6.5,1.0858,Couturier et al. (2022)
5.48,0.0488,Couturier et al. (2022)
5.64,0.0488,Couturier et al. (2022)
5.65,0.0976,Couturier et al. (2022)
5.93,0.4026,Couturier et al. (2022)
5.99,0.4453,Couturier et al. (2022)
6.05,0.4087,Couturier et al. (2022)
5.84,0.3904,Couturier et al. (2022)
5.89,1.0614,Couturier et al. (2022)
6.44,0.7808,Couturier et al. (2022)
6.23,1.010221,Couturier et al. (2022)
6.15,1.077321,Couturier et al. (2022)
6.12,0.8479,Couturier et al. (2022)
6.04,1.2444,Couturier et al. (2022)
6.17,1.2322,Couturier et al. (2022)
6.31,1.5006,Couturier et al. (2022)
6.47,1.1712,Couturier et al. (2022)
6.673,1.54696,Couturier et al. (2022)
6.72,1.565382,Couturier et al. (2022)
6.64,1.620099,Couturier et al. (2022)
6.61,1.608753,Couturier et al. (2022)
6.43,1.1224,Couturier et al. (2022)
6.57,1.2505,Couturier et al. (2022)
6.43,0.9943,Couturier et al. (2022)
6.62,1.281,Couturier et al. (2022)
6.55,1.1895,Couturier et al. (2022)
6.624,1.1529,Couturier et al. (2022)
6.6,1.3481,Couturier et al. (2022)
6.74,1.281,Couturier et al. (2022)
6.64,1.708,Couturier et al. (2022)
6.54,1.586,Couturier et al. (2022)
6.66,3.3184,Couturier et al. (2022)
6.65,1.8178,Couturier et al. (2022)
6.84,2.1472,Couturier et al. (2022)
6.75,1.9764,Couturier et al. (2022)
6.78,1.7812,Couturier et al. (2022)
6.75,2.4766,Couturier et al. (2022)
6.88,2.4156,Couturier et al. (2022)
6.74,2.3546,Couturier et al. (2022)
5.32,0.0244,Couturier et al. (2022)
5.29,0.017263,Couturier et al. (2022)
5.12,0.1769,Couturier et al. (2022)
5.332,0.155977,Couturier et al. (2022)
5.62,0.079239,Couturier et al. (2022)
5.59,0.039406,Couturier et al. (2022)
5.9,0.1464,Couturier et al. (2022)
5.88,0.9333,Couturier et al. (2022)
5.64,0.1525,Couturier et al. (2022)
5.79,0.53985,Couturier et al. (2022)
5.78,0.36112,Couturier et al. (2022)
5.88,0.30378,Couturier et al. (2022)
5.94,0.47275,Couturier et al. (2022)
6.16,0.6588,Couturier et al. (2022)
5.94,0.5002,Couturier et al. (2022)
5.29,0.0549,Couturier et al. (2022)
5.4,0.1281,Couturier et al. (2022)
5.35,0.1464,Couturier et al. (2022)
5.26,0.026718,Couturier et al. (2022)
5.41,0.0244,Couturier et al. (2022)
5.44,0.1098,Couturier et al. (2022)
5.43,0.3843,Couturier et al. (2022)
5.6,0.305,Couturier et al. (2022)
5.59,0.0488,Couturier et al. (2022)
5.983,0.481046,Couturier et al. (2022)
6.01,0.235033,Couturier et al. (2022)
6.18,0.421754,Couturier et al. (2022)
5.96,0.37881,Couturier et al. (2022)
5.89,0.1769,Couturier et al. (2022)
6.07,1.5006,Couturier et al. (2022)
5.79,0.2013,Couturier et al. (2022)
6.21,0.3477,Couturier et al. (2022)
6.302,0.488,Couturier et al. (2022)
6.32,0.4026,Couturier et al. (2022)
6.46,0.3294,Couturier et al. (2022)
6.17,0.3477,Couturier et al. (2022)
6.31,0.4392,Couturier et al. (2022)
6.46,0.4636,Couturier et al. (2022)
6.62,0.7625,Couturier et al. (2022)
6.22,0.61,Couturier et al. (2022)
6.29,1.0187,Couturier et al. (2022)
6.36,1.3481,Couturier et al. (2022)
6.46,0.21533,Couturier et al. (2022)
6.46,1.2444,Couturier et al. (2022)
6.47,1.2627,Couturier et al. (2022)
6.31,1.1651,Couturier et al. (2022)
4.93,0.0427,Couturier et al. (2022)
5.51,0.0061,Couturier et al. (2022)
5.69,0.7076,Couturier et al. (2022)
5.75,0.2013,Couturier et al. (2022)
5.94,0.46848,Couturier et al. (2022)
5.98,0.7259,Couturier et al. (2022)
6.08,0.36295,Couturier et al. (2022)
6.03,0.31537,Couturier et al. (2022)
6.19,0.5978,Couturier et al. (2022)
6.11,0.58072,Couturier et al. (2022)
5.39,0.0366,Couturier et al. (2022)
5.42,0.01159,Couturier et al. (2022)
5.42,0.0732,Couturier et al. (2022)
5.41,0.4392,Couturier et al. (2022)
5.53,0.0122,Couturier et al. (2022)
5.752,0.282247,Couturier et al. (2022)
5.9,0.234118,Couturier et al. (2022)
6.02,0.282308,Couturier et al. (2022)
5.89,0.369904,Couturier et al. (2022)
5.93,0.3111,Couturier et al. (2022)
5.82,0.0793,Couturier et al. (2022)
6.13,0.2623,Couturier et al. (2022)
6.188,0.2806,Couturier et al. (2022)
6.127,0.2196,Couturier et al. (2022)
6.05,0.2806,Couturier et al. (2022)
6,0.3355,Couturier et al. (2022)
6.16,0.3233,Couturier et al. (2022)
6.02,0.0976,Couturier et al. (2022)
6.14,1.7629,Couturier et al. (2022)
6.08,0.5063,Couturier et al. (2022)
6.05,0.6466,Couturier et al. (2022)
6.09,0.8784,Couturier et al. (2022)
6.09,0.11895,Couturier et al. (2022)
6.06,0.40687,Couturier et al. (2022)
6.2,0.9394,Couturier et al. (2022)
6.03,0.6161,Couturier et al. (2022)
4.86,0.0427,Couturier et al. (2022)
5.159,0.069052,Couturier et al. (2022)
5.46,0.1952,Couturier et al. (2022)
5.78,0.0183,Couturier et al. (2022)
5.72,0.7869,Couturier et al. (2022)
5.41,0.122,Couturier et al. (2022)
5.63,0.38796,Couturier et al. (2022)
5.53,0.28243,Couturier et al. (2022)
5.62,0.48068,Couturier et al. (2022)
5.82,0.9821,Couturier et al. (2022)
5.76,0.6161,Couturier et al. (2022)
5.4,0.1769,Couturier et al. (2022)
5.39,0.2562,Couturier et al. (2022)
5.51,0.3599,Couturier et al. (2022)
5.48,0.2379,Couturier et al. (2022)
5.55,0.3294,Couturier et al. (2022)
5.32,0.1342,Couturier et al. (2022)
5.48,0.32147,Couturier et al. (2022)
5.56,0.404125,Couturier et al. (2022)
5.51,0.244,Couturier et al. (2022)
5.43,0.3172,Couturier et al. (2022)
5.54,0.1769,Couturier et al. (2022)
5.56,0.7076,Couturier et al. (2022)
5.65,0.2928,Couturier et al. (2022)
5.709,0.470615,Couturier et al. (2022)
5.81,0.28121,Couturier et al. (2022)
5.8,0.232288,Couturier et al. (2022)
5.55,0.22143,Couturier et al. (2022)
5.56,0.2501,Couturier et al. (2022)
5.52,0.1037,Couturier et al. (2022)
5.72,0.2684,Couturier et al. (2022)
5.798,0.2257,Couturier et al. (2022)
5.585,0.0854,Couturier et al. (2022)
5.69,0.5246,Couturier et al. (2022)
5.97,0.305,Couturier et al. (2022)
6.02,0.1952,Couturier et al. (2022)
6.06,1.9276,Couturier et al. (2022)
5.75,0.427,Couturier et al. (2022)
5.83,0.7137,Couturier et al. (2022)
5.85,0.6893,Couturier et al. (2022)
6,0.48495,Couturier et al. (2022)
6,0.6954,Couturier et al. (2022)
6.08,0.8967,Couturier et al. (2022)
5.88,0.6466,Couturier et al. (2022)
5.49,0.1403,Couturier et al. (2022)
5.43,0.1708,Couturier et al. (2022)
5.38,0.1708,Couturier et al. (2022)
5.58,0.2562,Couturier et al. (2022)
5.56,0.1098,Couturier et al. (2022)
5.68,0.5368,Couturier et al. (2022)
5.68,0.5551,Couturier et al. (2022)
5.59,0.4453,Couturier et al. (2022)
5.52,0.3843,Couturier et al. (2022)
5.65,0.5307,Couturier et al. (2022)
5.69,0.63562,Couturier et al. (2022)
5.47,0.301828,Couturier et al. (2022)
5.84,0.4758,Couturier et al. (2022)
5.73,0.5429,Couturier et al. (2022)
5.93,0.6588,Couturier et al. (2022)
6.06,0.8357,Couturier et al. (2022)
6.25,0.6893,Couturier et al. (2022)
6.351,1.05042,Couturier et al. (2022)
6.41,0.826062,Couturier et al. (2022)
6.54,0.770979,Couturier et al. (2022)
6.31,0.81374,Couturier et al. (2022)
6.13,0.4392,Couturier et al. (2022)
6.3,0.6405,Couturier et al. (2022)
6.11,0.5124,Couturier et al. (2022)
6.44,0.6039,Couturier et al. (2022)
6.477,0.6527,Couturier et al. (2022)
6.35,0.6527,Couturier et al. (2022)
6.34,0.5612,Couturier et al. (2022)
6.32,0.6039,Couturier et al. (2022)
6.44,0.8723,Couturier et al. (2022)
6.56,0.9211,Couturier et al. (2022)
6.52,2.4278,Couturier et al. (2022)
6.3,0.9516,Couturier et al. (2022)
6.3,0.915,Couturier et al. (2022)
6.4,1.2017,Couturier et al. (2022)
6.44,0.9211,Couturier et al. (2022)
6.41,1.037,Couturier et al. (2022)
6.43,1.1895,Couturier et al. (2022)
6.41,1.1895,Couturier et al. (2022)
4.92,0.1952,Couturier et al. (2022)
5.26,0.080886,Couturier et al. (2022)
5.46,0.0305,Couturier et al. (2022)
5.52,0.1647,Couturier et al. (2022)
5.62,0.5734,Couturier et al. (2022)
5.98,0.3416,Couturier et al. (2022)
6.055,0.46909,Couturier et al. (2022)
6.17,0.421327,Couturier et al. (2022)
6.27,0.49288,Couturier et al. (2022)
6.11,1.6043,Couturier et al. (2022)
5.83,0.0793,Couturier et al. (2022)
6.21,1.9093,Couturier et al. (2022)
6.05,0.305,Couturier et al. (2022)
6.31,0.5002,Couturier et al. (2022)
6.303,0.5551,Couturier et al. (2022)
6.414,0.6588,Couturier et al. (2022)
6.39,0.6954,Couturier et al. (2022)
6.43,0.6649,Couturier et al. (2022)
6.44,1.0187,Couturier et al. (2022)
6.38,1.0736,Couturier et al. (2022)
6.51,2.013,Couturier et al. (2022)
6.55,0.793,Couturier et al. (2022)
6.39,0.9577,Couturier et al. (2022)
6.5,1.0614,Couturier et al. (2022)
6.51,0.9577,Couturier et al. (2022)
6.47,1.0797,Couturier et al. (2022)
6.62,1.3603,Couturier et al. (2022)
6.48,1.464,Couturier et al. (2022)
4.87,0.427,Couturier et al. (2022)
4.9,0.0366,Couturier et al. (2022)
5.04,0.020374,Couturier et al. (2022)
5.05,0.07381,Couturier et al. (2022)
5.17,0.427,Couturier et al. (2022)
5.65,0.6039,Couturier et al. (2022)
5.62,0.0061,Couturier et al. (2022)
5.84,0.57401,Couturier et al. (2022)
5.91,0.37881,Couturier et al. (2022)
6.12,0.33855,Couturier et al. (2022)
6.17,0.27084,Couturier et al. (2022)
6.34,0.60512,Couturier et al. (2022)
6.3,0.5673,Couturier et al. (2022)
5.57,0.2013,Couturier et al. (2022)
5.82,0.1464,Couturier et al. (2022)
5.72,0.183,Couturier et al. (2022)
5.48,0.0244,Couturier et al. (2022)
5.53,0.137372,Couturier et al. (2022)
5.65,0.240706,Couturier et al. (2022)
5.55,0.122,Couturier et al. (2022)
5.56,0.1281,Couturier et al. (2022)
5.79,0.0427,Couturier et al. (2022)
5.64,0.5734,Couturier et al. (2022)
5.69,0.1586,Couturier et al. (2022)
5.87,0.388631,Couturier et al. (2022)
5.93,0.261629,Couturier et al. (2022)
5.96,0.257481,Couturier et al. (2022)
5.89,0.267363,Couturier et al. (2022)
5.73,0.1037,Couturier et al. (2022)
5.63,0.0122,Couturier et al. (2022)
5.95,0.1037,Couturier et al. (2022)
5.938,0.1708,Couturier et al. (2022)
5.795,0.0671,Couturier et al. (2022)
5.83,0.2501,Couturier et al. (2022)
5.93,0.1525,Couturier et al. (2022)
6.07,0.1525,Couturier et al. (2022)
6.04,0.0854,Couturier et al. (2022)
6.15,0.9455,Couturier et al. (2022)
6.06,0.4026,Couturier et al. (2022)
6.06,0.10248,Couturier et al. (2022)
6.12,0.50752,Couturier et al. (2022)
6.15,0.42822,Couturier et al. (2022)
6.12,0.6222,Couturier et al. (2022)
6.26,0.7259,Couturier et al. (2022)
6.17,1.1041,Couturier et al. (2022)
5.47,0.0549,Couturier et al. (2022)
5.6,0.0793,Couturier et al. (2022)
5.71,0.1464,Couturier et al. (2022)
5.7,0.0915,Couturier et al. (2022)
5.85,0.1952,Couturier et al. (2022)
5.9,0.436699,Couturier et al. (2022)
5.99,0.549305,Couturier et al. (2022)
5.91,0.1769,Couturier et al. (2022)
5.89,0.2013,Couturier et al. (2022)
5.64,0.1769,Couturier et al. (2022)
5.82,0.7076,Couturier et al. (2022)
6.21,0.4514,Couturier et al. (2022)
6.071,0.435479,Couturier et al. (2022)
6.19,0.309514,Couturier et al. (2022)
6.29,0.435235,Couturier et al. (2022)
6.25,0.558638,Couturier et al. (2022)
6.14,0.2379,Couturier et al. (2022)
6.28,0.4941,Couturier et al. (2022)
6.14,0.3233,Couturier et al. (2022)
6.42,0.6405,Couturier et al. (2022)
6.365,0.5429,Couturier et al. (2022)
6.435,0.5368,Couturier et al. (2022)
6.46,0.7686,Couturier et al. (2022)
6.47,0.7564,Couturier et al. (2022)
6.5,1.4274,Couturier et al. (2022)
6.49,2.2387,Couturier et al. (2022)
6.48,0.9699,Couturier et al. (2022)
6.58,1.0858,Couturier et al. (2022)
6.6,1.2139,Couturier et al. (2022)
6.61,0.9943,Couturier et al. (2022)
6.59,1.0187,Couturier et al. (2022)
6.66,1.3725,Couturier et al. (2022)
6.48,1.3847,Couturier et al. (2022)
5.22,0.0732,Couturier et al. (2022)
5.33,0.016409,Couturier et al. (2022)
5.47,0.26657,Couturier et al. (2022)
5.58,0.35563,Couturier et al. (2022)
5.55,0.19337,Couturier et al. (2022)
5.66,0.2379,Couturier et al. (2022)
5.91,0.7259,Couturier et al. (2022)
5.94,0.7198,Couturier et al. (2022)
5.887,1.23037,Couturier et al. (2022)
6.316,0.89426,Couturier et al. (2022)
6.175,1.4213,Couturier et al. (2022)
5.977,1.97579,Couturier et al. (2022)
5.99,0.9882,Couturier et al. (2022)
5.921,1.55489,Couturier et al. (2022)
5.813,1.384578,Couturier et al. (2022)
5.961,1.426607,Couturier et al. (2022)
6.027,0.8418,Couturier et al. (2022)
5.847,1.2993,Couturier et al. (2022)
5.753,1.2932,Couturier et al. (2022)
6.09,1.2322,Couturier et al. (2022)
6.365,1.27673,Couturier et al. (2022)
6.353,1.18157,Couturier et al. (2022)
6.51,0.991616,Couturier et al. (2022)
6.43,1.167479,Couturier et al. (2022)
6.68,1.198711,Couturier et al. (2022)
6.51,0.7747,Couturier et al. (2022)
6.39,0.6893,Couturier et al. (2022)
6.35,0.6039,Couturier et al. (2022)
6.53,0.4636,Couturier et al. (2022)
6.434,1.0248,Couturier et al. (2022)
6.411,0.8418,Couturier et al. (2022)
6.39,0.8906,Couturier et al. (2022)
6.38,1.2017,Couturier et al. (2022)
6.62,1.0736,Couturier et al. (2022)
6.33,1.037,Couturier et al. (2022)
6.75,2.0679,Couturier et al. (2022)
6.44,1.0492,Couturier et al. (2022)
6.51,1.3664,Couturier et al. (2022)
6.44,1.6409,Couturier et al. (2022)
6.61,1.403,Couturier et al. (2022)
6.62,1.586,Couturier et al. (2022)
6.7,1.6409,Couturier et al. (2022)
6.46,1.6775,Couturier et al. (2022)
5.33,0.0305,Couturier et al. (2022)
5.21,0.1037,Couturier et al. (2022)
5.41,0.2684,Couturier et al. (2022)
5.64,0.4026,Couturier et al. (2022)
5.36,0.2013,Couturier et al. (2022)
5.26,0.0915,Couturier et al. (2022)
5.37,0.053863,Couturier et al. (2022)
5.43,0.198921,Couturier et al. (2022)
6.469,1.18035,Couturier et al. (2022)
5.48,0.2684,Couturier et al. (2022)
5.41,0.4392,Couturier et al. (2022)
5.59,0.2501,Couturier et al. (2022)
6.033,0.54168,Couturier et al. (2022)
6.28,0.631655,Couturier et al. (2022)
6.1,0.501664,Couturier et al. (2022)
6.02,0.45689,Couturier et al. (2022)
5.93,0.2501,Couturier et al. (2022)
5.77,0.0732,Couturier et al. (2022)
6.29,0.5002,Couturier et al. (2022)
6.067,0.4819,Couturier et al. (2022)
5.92,0.3477,Couturier et al. (2022)
5.83,0.4392,Couturier et al. (2022)
5.88,0.3233,Couturier et al. (2022)
6.35,0.671,Couturier et al. (2022)
6.18,0.5246,Couturier et al. (2022)
6.23,1.0858,Couturier et al. (2022)
5.88,0.3965,Couturier et al. (2022)
6.05,0.6954,Couturier et al. (2022)
6.1,0.7442,Couturier et al. (2022)
6.15,0.58133,Couturier et al. (2022)
6.21,0.7991,Couturier et al. (2022)
6.29,0.8601,Couturier et al. (2022)
6,0.7625,Couturier et al. (2022)
6.11,0.5734,Couturier et al. (2022)
6.1,0.3355,Couturier et al. (2022)
6.29,0.3416,Couturier et al. (2022)
6.356,0.7015,Couturier et al. (2022)
6.76,1.7263,Couturier et al. (2022)
6.88,1.8361,Couturier et al. (2022)
6.65,1.0492,Couturier et al. (2022)
6.67,1.4884,Couturier et al. (2022)
6.63,1.9093,Couturier et al. (2022)
6.91,3.4831,Couturier et al. (2022)
6.95,2.3973,Couturier et al. (2022)
7.04,3.3184,Couturier et al. (2022)
7.16,4.087,Couturier et al. (2022)
7.17,4.3432,Couturier et al. (2022)
7.13,4.209,Couturier et al. (2022)
7.18,5.0203,Couturier et al. (2022)
7.11,5.1484,Couturier et al. (2022)
5.164,0.0732,Couturier et al. (2022)
5.06,0.222345,Couturier et al. (2022)
5.94,0.0671,Couturier et al. (2022)
6.08,1.5189,Couturier et al. (2022)
5.94,0.2623,Couturier et al. (2022)
6.01,0.34221,Couturier et al. (2022)
5.87,0.4026,Couturier et al. (2022)
6.03,0.41907,Couturier et al. (2022)
6.11,1.2017,Couturier et al. (2022)
6.25,0.8418,Couturier et al. (2022)
6.03,0.43432,Couturier et al. (2022)
4.96,0.9638,Couturier et al. (2022)
5.07,0.08479,Couturier et al. (2022)
5.01,0.0427,Couturier et al. (2022)
5.87,0.0732,Couturier et al. (2022)
6,0.8296,Couturier et al. (2022)
5.97,0.29524,Couturier et al. (2022)
6.06,0.55754,Couturier et al. (2022)
6.08,0.38613,Couturier et al. (2022)
6.05,0.242414,Couturier et al. (2022)
6.18,0.56059,Couturier et al. (2022)
5.98,0.6283,Couturier et al. (2022)
5.26,0.3416,Couturier et al. (2022)
5.13,0.2013,Couturier et al. (2022)
5.36,0.427,Couturier et al. (2022)
5.3,0.549,Couturier et al. (2022)
5.07,4.16142,Couturier et al. (2022)
5.07,0.0122,Couturier et al. (2022)
5.17,0.196542,Couturier et al. (2022)
5.18,0.179218,Couturier et al. (2022)
5.17,0.1586,Couturier et al. (2022)
5.37,0.1769,Couturier et al. (2022)
5.08,0.4392,Couturier et al. (2022)
5.07,0.0488,Couturier et al. (2022)
5.416,0.563335,Couturier et al. (2022)
5.56,0.32391,Couturier et al. (2022)
5.55,0.303414,Couturier et al. (2022)
5.24,0.2989,Couturier et al. (2022)
5.18,0.0061,Couturier et al. (2022)
5.37,0.1586,Couturier et al. (2022)
5.45,0.1037,Couturier et al. (2022)
5.44,0.2379,Couturier et al. (2022)
5.57,0.3233,Couturier et al. (2022)
5.83,0.4941,Couturier et al. (2022)
5.76,0.2135,Couturier et al. (2022)
5.71,0.915,Couturier et al. (2022)
5.41,0.305,Couturier et al. (2022)
5.59,0.7747,Couturier et al. (2022)
5.63,0.9089,Couturier et al. (2022)
5.77,0.6588,Couturier et al. (2022)
5.7,0.732,Couturier et al. (2022)
5.86,1.0065,Couturier et al. (2022)
5.7,0.7564,Couturier et al. (2022)
5.6,0.0732,Couturier et al. (2022)
5.65,0.1098,Couturier et al. (2022)
5.76,0.1891,Couturier et al. (2022)
5.78,0.2074,Couturier et al. (2022)
5.74,0.3538,Couturier et al. (2022)
5.81,0.3843,Couturier et al. (2022)
6.03,0.759694,Couturier et al. (2022)
5.93,0.829234,Couturier et al. (2022)
5.91,0.2501,Couturier et al. (2022)
6.16,0.5002,Couturier et al. (2022)
6.2,0.6649,Couturier et al. (2022)
6.33,0.5734,Couturier et al. (2022)
6.42,0.9516,Couturier et al. (2022)
6.55,1.11203,Couturier et al. (2022)
6.67,0.952881,Couturier et al. (2022)
6.72,1.31455,Couturier et al. (2022)
6.72,1.270264,Couturier et al. (2022)
6.5,0.7808,Couturier et al. (2022)
6.76,1.3664,Couturier et al. (2022)
6.47,0.7198,Couturier et al. (2022)
6.67,1.3298,Couturier et al. (2022)
6.62,1.1651,Couturier et al. (2022)
6.739,1.4152,Couturier et al. (2022)
6.72,1.6226,Couturier et al. (2022)
6.8,1.7019,Couturier et al. (2022)
6.92,1.7995,Couturier et al. (2022)
6.81,1.6775,Couturier et al. (2022)
6.89,3.538,Couturier et al. (2022)
6.86,1.6958,Couturier et al. (2022)
6.94,2.2021,Couturier et al. (2022)
6.97,2.2814,Couturier et al. (2022)
6.9,2.1289,Couturier et al. (2022)
6.92,1.8849,Couturier et al. (2022)
6.98,2.8853,Couturier et al. (2022)
6.92,2.44,Couturier et al. (2022)
5.46,0.1464,Couturier et al. (2022)
5.42,0.0366,Couturier et al. (2022)
5.56,0.2196,Couturier et al. (2022)
5.6,0.0183,Couturier et al. (2022)
5.7,0.3477,Couturier et al. (2022)
5.75,0.4087,Couturier et al. (2022)
5.62,0.4392,Couturier et al. (2022)
5.45,0.2379,Couturier et al. (2022)
5.61,0.3111,Couturier et al. (2022)
5.64,0.445666,Couturier et al. (2022)
5.42,0.23729,Couturier et al. (2022)
5.83,0.3294,Couturier et al. (2022)
5.75,0.3965,Couturier et al. (2022)
5.97,0.4514,Couturier et al. (2022)
5.83,0.7015,Couturier et al. (2022)
6.29,0.6466,Couturier et al. (2022)
6.33,0.611098,Couturier et al. (2022)
6.27,0.782874,Couturier et al. (2022)
6.25,0.764818,Couturier et al. (2022)
6.15,0.3111,Couturier et al. (2022)
6.23,0.5368,Couturier et al. (2022)
6.2,0.5063,Couturier et al. (2022)
6.41,0.8113,Couturier et al. (2022)
6.408,0.6405,Couturier et al. (2022)
6.424,0.6161,Couturier et al. (2022)
6.48,0.7076,Couturier et al. (2022)
6.29,0.4209,Couturier et al. (2022)
6.54,0.7076,Couturier et al. (2022)
6.59,0.5856,Couturier et al. (2022)
6.54,1.647,Couturier et al. (2022)
6.42,0.7137,Couturier et al. (2022)
6.34,0.9333,Couturier et al. (2022)
6.54,1.1102,Couturier et al. (2022)
6.43,0.9516,Couturier et al. (2022)
6.55,0.9211,Couturier et al. (2022)
6.56,1.2749,Couturier et al. (2022)
6.51,1.3725,Couturier et al. (2022)
5.05,0.0427,Couturier et al. (2022)
5.122,0.290055,Couturier et al. (2022)
5.58,0.4392,Couturier et al. (2022)
5.88,0.9638,Couturier et al. (2022)
5.71,0.2745,Couturier et al. (2022)
5.66,0.36722,Couturier et al. (2022)
5.63,0.17568,Couturier et al. (2022)
5.81,0.28365,Couturier et al. (2022)
5.94,0.46238,Couturier et al. (2022)
5.75,0.51911,Couturier et al. (2022)
5.64,0.0183,Couturier et al. (2022)
5.62,1.464,Couturier et al. (2022)
5.42,0.1342,Couturier et al. (2022)
5.62,0.28792,Couturier et al. (2022)
5.58,0.32635,Couturier et al. (2022)
5.72,0.37576,Couturier et al. (2022)
5.67,0.43798,Couturier et al. (2022)
5.8,0.4941,Couturier et al. (2022)
5.74,0.36417,Couturier et al. (2022)
5.42,0.0427,Couturier et al. (2022)
5.52,0.5734,Couturier et al. (2022)
5.93,0.2196,Couturier et al. (2022)
5.99,0.421083,Couturier et al. (2022)
6.12,0.343369,Couturier et al. (2022)
6.15,0.421754,Couturier et al. (2022)
6.11,0.436394,Couturier et al. (2022)
5.84,0.1952,Couturier et al. (2022)
6.05,0.2684,Couturier et al. (2022)
5.86,0.1586,Couturier et al. (2022)
6.26,0.305,Couturier et al. (2022)
6.319,0.3782,Couturier et al. (2022)
6.236,0.3965,Couturier et al. (2022)
6.23,0.4331,Couturier et al. (2022)
6.33,0.5246,Couturier et al. (2022)
6.35,0.5307,Couturier et al. (2022)
6.33,0.6039,Couturier et al. (2022)
6.37,2.0252,Couturier et al. (2022)
6.29,0.5734,Couturier et al. (2022)
6.61,0.7503,Couturier et al. (2022)
6.46,1.0553,Couturier et al. (2022)
6.41,0.8784,Couturier et al. (2022)
6.35,1.2749,Couturier et al. (2022)
6.46,1.4152,Couturier et al. (2022)
6.32,1.0004,Couturier et al. (2022)
5.5,0.0793,Couturier et al. (2022)
5.7,0.4209,Couturier et al. (2022)
6.21,0.8235,Couturier et al. (2022)
6.34,0.9943,Couturier et al. (2022)
6.42,1.281,Couturier et al. (2022)
5.93,1.2627,Couturier et al. (2022)
6.3,0.8967,Couturier et al. (2022)
5.97,1.2505,Couturier et al. (2022)
6.14,1.870626,Couturier et al. (2022)
6.27,1.946205,Couturier et al. (2022)
6.38,1.7812,Couturier et al. (2022)
6.4,1.8788,Couturier et al. (2022)
6.68,2.6413,Couturier et al. (2022)
6.71,2.4278,Couturier et al. (2022)
6.99,2.6047,Couturier et al. (2022)
7.051,3.43247,Couturier et al. (2022)
6.98,3.346033,Couturier et al. (2022)
7,3.415329,Couturier et al. (2022)
7.05,2.500695,Couturier et al. (2022)
6.77,1.9642,Couturier et al. (2022)
6.86,2.9097,Couturier et al. (2022)
6.92,11.895,Couturier et al. (2022)
7.01,3.8552,Couturier et al. (2022)
6.952,3.6539,Couturier et al. (2022)
7.133,4.2395,Couturier et al. (2022)
6.95,4.2212,Couturier et al. (2022)
7.08,4.6238,Couturier et al. (2022)
7.18,5.2704,Couturier et al. (2022)
6.98,5.3497,Couturier et al. (2022)
7.26,6.832,Couturier et al. (2022)
7.28,5.2887,Couturier et al. (2022)
7.12,5.2643,Couturier et al. (2022)
7.16,5.6913,Couturier et al. (2022)
7.18,4.2151,Couturier et al. (2022)
7.25,5.0325,Couturier et al. (2022)
7.28,6.0451,Couturier et al. (2022)
7.19,5.8194,Couturier et al. (2022)
4.91,0.50813,Couturier et al. (2022)
5.23,0.0366,Couturier et al. (2022)
5.83,0.0244,Couturier et al. (2022)
6.06,0.1159,Couturier et al. (2022)
6.12,1.6104,Couturier et al. (2022)
6.04,0.3111,Couturier et al. (2022)
6.1,0.60329,Couturier et al. (2022)
5.99,0.9333,Couturier et al. (2022)
6.09,0.57279,Couturier et al. (2022)
6.22,0.9333,Couturier et al. (2022)
6.29,0.9638,Couturier et al. (2022)
6.18,0.48129,Couturier et al. (2022)
6.53,2.196,Kennedy et al. (2021)
7.2,3.66,Kennedy et al. (2021)
5.08,2.44,Kennedy et al. (2021)
5.08,2.44,Kennedy et al. (2021)
7.6,29.707,Kennedy et al. (2021)
7.38,26.718,Kennedy et al. (2021)
8.17,101.687,Kennedy et al. (2021)
8.24,69.662,Kennedy et al. (2021)
7.13,5.978,Kennedy et al. (2021)
7.2,6.71,Kennedy et al. (2021)
7.27,26.413,Kennedy et al. (2021)
7.76,31.476,Kennedy et al. (2021)
6.63,3.355,Kennedy et al. (2021)
6.76,2.44,Kennedy et al. (2021)
8.17,69.357,Kennedy et al. (2021)
8.31,66.185,Kennedy et al. (2021)
8.07,100.467,Kennedy et al. (2021)
8.12,101.626,Kennedy et al. (2021)
6.8,2.44,Kennedy et al. (2021)
7.35,8.113,Kennedy et al. (2021)
7.9,32.94,Kennedy et al. (2021)
7.9,32.94,Kennedy et al. (2021)
5.88,2.745,Kennedy et al. (2021)
6.42,2.44,Kennedy et al. (2021)
6.07,2.44,Kennedy et al. (2021)
6.8,2.44,Kennedy et al. (2021)
6.95,13.115,Kennedy et al. (2021)
6.83,5.063,Kennedy et al. (2021)
7.36,11.102,Kennedy et al. (2021)
8.13,88.633,Kennedy et al. (2021)
8.36,82.35,Kennedy et al. (2021)
6.93,4.88,Kennedy et al. (2021)
7.26,8.662,Kennedy et al. (2021)
6.03,3.05,Kennedy et al. (2021)
6.03,3.05,Kennedy et al. (2021)
8.17,89.06,Kennedy et al. (2021)
8.3,78.08,Kennedy et al. (2021)
5.83,1.83,Kennedy et al. (2021)
5.86,1.525,Kennedy et al. (2021)
8.33,97.173,Kennedy et al. (2021)
8.32,69.296,Kennedy et al. (2021)
8.1,78.873,Kennedy et al. (2021)
8.32,99.796,Kennedy et al. (2021)
6.5,2.44,Kennedy et al. (2021)
6.92,4.758,Kennedy et al. (2021)
8.13,87.779,Kennedy et al. (2021)
8.34,61.732,Kennedy et al. (2021)
8,59.048,Kennedy et al. (2021)
8.89,49.776,Kennedy et al. (2021)
6.62,3.233,Kennedy et al. (2021)
7.36,9.516,Kennedy et al. (2021)
7.87,79.3,Kennedy et al. (2021)
8.2,83.936,Kennedy et al. (2021)
8.19,55.876,Kennedy et al. (2021)
8.1,59.475,Kennedy et al. (2021)
8.13,101.687,Kennedy et al. (2021)
8.26,93.574,Kennedy et al. (2021)
7.51,20.984,Kennedy et al. (2021)
5.35,1.525,Kennedy et al. (2021)
5.42,1.525,Kennedy et al. (2021)
8,83.57,Kennedy et al. (2021)
8.2,85.278,Kennedy et al. (2021)
6.7,3.05,Kennedy et al. (2021)
7.13,3.05,Kennedy et al. (2021)
7.08,2.44,Kennedy et al. (2021)
7.36,2.928,Kennedy et al. (2021)
8.33,124.013,Kennedy et al. (2021)
8.32,122.671,Kennedy et al. (2021)
8,108.58,Kennedy et al. (2021)
8.14,106.14,Kennedy et al. (2021)
6.3,3.965,Kennedy et al. (2021)
6.86,2.44,Kennedy et al. (2021)
7.8,41.297,Kennedy et al. (2021)
8.3,50.63,Kennedy et al. (2021)
6.7,2.44,Kennedy et al. (2021)
7.75,2.44,Kennedy et al. (2021)
7.72,44.408,Kennedy et al. (2021)
7.97,57.157,Kennedy et al. (2021)
7.28,14.64,Kennedy et al. (2021)
7.32,19.276,Kennedy et al. (2021)
7.23,2.44,Kennedy et al. (2021)
7.38,3.05,Kennedy et al. (2021)
7.97,52.46,Kennedy et al. (2021)
7.96,56.73,Kennedy et al. (2021)
7.63,32.94,Kennedy et al. (2021)
7.78,43.432,Kennedy et al. (2021)
7.98,48.19,Kennedy et al. (2021)
8.1,46.543,Kennedy et al. (2021)
6.85,2.44,Kennedy et al. (2021)
7.26,2.928,Kennedy et al. (2021)
6.63,2.745,Kennedy et al. (2021)
6.92,2.745,Kennedy et al. (2021)
8.23,92.72,Kennedy et al. (2021)
8.4,60.39,Kennedy et al. (2021)
7.97,78.873,Kennedy et al. (2021)
7.94,73.078,Kennedy et al. (2021)
8.17,58.987,Kennedy et al. (2021)
8.17,58.987,Kennedy et al. (2021)
7.9,39.65,Kennedy et al. (2021)
7.78,42.7,Kennedy et al. (2021)
5.48,3.233,Kennedy et al. (2021)
5.48,3.233,Kennedy et al. (2021)
6.6,3.05,Kennedy et al. (2021)
6.6,3.05,Kennedy et al. (2021)
6.93,14.213,Kennedy et al. (2021)
7.5,18.178,Kennedy et al. (2021)
7.08,5.185,Kennedy et al. (2021)
7.02,4.27,Kennedy et al. (2021)
6.77,2.44,Kennedy et al. (2021)
6.77,2.44,Kennedy et al. (2021)
7.55,21.838,Kennedy et al. (2021)
7.94,27.206,Kennedy et al. (2021)
7.48,14.03,Kennedy et al. (2021)
7.5,13.786,Kennedy et al. (2021)
7.13,7.198,Kennedy et al. (2021)
7.57,14.579,Kennedy et al. (2021)
8.24,64.66,Kennedy et al. (2021)
8.26,56.974,Kennedy et al. (2021)
5.45,2.44,Kennedy et al. (2021)
6.32,2.44,Kennedy et al. (2021)
8.3,131.333,Kennedy et al. (2021)
8.34,100.284,Kennedy et al. (2021)
7.9,38.003,Kennedy et al. (2021)
8.12,39.04,Kennedy et al. (2021)
7.91,36.356,Kennedy et al. (2021)
7.83,32.208,Kennedy et al. (2021)
5.95,3.538,Kennedy et al. (2021)
7.73,11.163,Kennedy et al. (2021)
7.73,11.163,Kennedy et al. (2021)
7.67,32.757,Kennedy et al. (2021)
8.18,39.04,Kennedy et al. (2021)
6.63,2.44,Kennedy et al. (2021)
6.6,2.44,Kennedy et al. (2021)
6.56,3.172,Kennedy et al. (2021)
6.56,3.172,Kennedy et al. (2021)
5.8,2.44,Kennedy et al. (2021)
6,2.44,Kennedy et al. (2021)
6.47,2.44,Kennedy et al. (2021)
6.78,2.44,Kennedy et al. (2021)
8.39,63.196,Kennedy et al. (2021)
8.47,65.575,Kennedy et al. (2021)
8.1,74.847,Kennedy et al. (2021)
8.3,61.732,Kennedy et al. (2021)
8.24,68.381,Kennedy et al. (2021)
8.37,63.562,Kennedy et al. (2021)
8.76,39.833,Kennedy et al. (2021)
8.76,39.833,Kennedy et al. (2021)
8.17,88.877,Kennedy et al. (2021)
8.42,66.124,Kennedy et al. (2021)
7.53,79.3,Kennedy et al. (2021)
7.98,86.132,Kennedy et al. (2021)
5.37,2.806,Kennedy et al. (2021)
5.37,2.806,Kennedy et al. (2021)
7.95,98.515,Kennedy et al. (2021)
8.45,103.334,Kennedy et al. (2021)
6.7,2.44,Kennedy et al. (2021)
6.78,2.928,Kennedy et al. (2021)
7.75,96.563,Kennedy et al. (2021)
7.75,96.563,Kennedy et al. (2021)
5.35,1.525,Kennedy et al. (2021)
5.36,1.525,Kennedy et al. (2021)
7.77,40.687,Kennedy et al. (2021)
8.12,40.626,Kennedy et al. (2021)
7.83,98.027,Kennedy et al. (2021)
8.18,123.464,Kennedy et al. (2021)
8.1,122.61,Kennedy et al. (2021)
6.57,5.49,Kennedy et al. (2021)
6.57,5.49,Kennedy et al. (2021)
6.63,2.562,Kennedy et al. (2021)
6.23,2.562,Kennedy et al. (2021)
7.53,16.043,Kennedy et al. (2021)
7.74,18.544,Kennedy et al. (2021)
7.02,4.209,Kennedy et al. (2021)
8.1,46.543,Kennedy et al. (2021)
8.22,63.928,Kennedy et al. (2021)
6.16,2.623,Kennedy et al. (2021)
6.23,3.05,Kennedy et al. (2021)
7.57,36.6,Kennedy et al. (2021)
8.02,51.118,Kennedy et al. (2021)
